UTLA20CD,UTLA20NM,RGN20CD,RGN20NM,Year,UTLA_population,Region_population,National_population
E06000001,Hartlepool,E12000001,North East,2015,92498,2624579,54777305
E06000001,Hartlepool,E12000001,North East,2016,92845,2636589,55258490
E06000001,Hartlepool,E12000001,North East,2017,93019,2644727,55609517
E06000001,Hartlepool,E12000001,North East,2018,93242,2657909,55966230
E06000001,Hartlepool,E12000001,North East,2019,93663,2669941,56275016
E06000002,Middlesbrough,E12000001,North East,2015,139310,2624579,54777305
E06000002,Middlesbrough,E12000001,North East,2016,140326,2636589,55258490
E06000002,Middlesbrough,E12000001,North East,2017,140639,2644727,55609517
E06000002,Middlesbrough,E12000001,North East,2018,140545,2657909,55966230
E06000002,Middlesbrough,E12000001,North East,2019,140980,2669941,56275016
E06000003,Redcar and Cleveland,E12000001,North East,2015,135324,2624579,54777305
E06000003,Redcar and Cleveland,E12000001,North East,2016,135496,2636589,55258490
E06000003,Redcar and Cleveland,E12000001,North East,2017,136005,2644727,55609517
E06000003,Redcar and Cleveland,E12000001,North East,2018,136718,2657909,55966230
E06000003,Redcar and Cleveland,E12000001,North East,2019,137150,2669941,56275016
E06000004,Stockton-on-Tees,E12000001,North East,2015,195128,2624579,54777305
E06000004,Stockton-on-Tees,E12000001,North East,2016,195958,2636589,55258490
E06000004,Stockton-on-Tees,E12000001,North East,2017,196487,2644727,55609517
E06000004,Stockton-on-Tees,E12000001,North East,2018,197213,2657909,55966230
E06000004,Stockton-on-Tees,E12000001,North East,2019,197348,2669941,56275016
E06000005,Darlington,E12000001,North East,2015,105998,2624579,54777305
E06000005,Darlington,E12000001,North East,2016,106327,2636589,55258490
E06000005,Darlington,E12000001,North East,2017,106347,2644727,55609517
E06000005,Darlington,E12000001,North East,2018,106566,2657909,55966230
E06000005,Darlington,E12000001,North East,2019,106803,2669941,56275016
E06000006,Halton,E12000002,North West,2015,126719,7175178,54777305
E06000006,Halton,E12000002,North West,2016,127306,7223961,55258490
E06000006,Halton,E12000002,North West,2017,127595,7258627,55609517
E06000006,Halton,E12000002,North West,2018,128432,7292093,55966230
E06000006,Halton,E12000002,North West,2019,129410,7341196,56275016
E06000007,Warrington,E12000002,North West,2015,207781,7175178,54777305
E06000007,Warrington,E12000002,North West,2016,208973,7223961,55258490
E06000007,Warrington,E12000002,North West,2017,209704,7258627,55609517
E06000007,Warrington,E12000002,North West,2018,209547,7292093,55966230
E06000007,Warrington,E12000002,North West,2019,210014,7341196,56275016
E06000008,Blackburn with Darwen,E12000002,North West,2015,147856,7175178,54777305
E06000008,Blackburn with Darwen,E12000002,North West,2016,148462,7223961,55258490
E06000008,Blackburn with Darwen,E12000002,North West,2017,148772,7258627,55609517
E06000008,Blackburn with Darwen,E12000002,North West,2018,148942,7292093,55966230
E06000008,Blackburn with Darwen,E12000002,North West,2019,149696,7341196,56275016
E06000009,Blackpool,E12000002,North West,2015,140162,7175178,54777305
E06000009,Blackpool,E12000002,North West,2016,139983,7223961,55258490
E06000009,Blackpool,E12000002,North West,2017,139870,7258627,55609517
E06000009,Blackpool,E12000002,North West,2018,139305,7292093,55966230
E06000009,Blackpool,E12000002,North West,2019,139446,7341196,56275016
E06000010,"Kingston upon Hull, City of",E12000003,Yorkshire and The Humber,2015,258587,5390211,54777305
E06000010,"Kingston upon Hull, City of",E12000003,Yorkshire and The Humber,2016,260035,5425370,55258490
E06000010,"Kingston upon Hull, City of",E12000003,Yorkshire and The Humber,2017,260673,5450130,55609517
E06000010,"Kingston upon Hull, City of",E12000003,Yorkshire and The Humber,2018,260645,5479615,55966230
E06000010,"Kingston upon Hull, City of",E12000003,Yorkshire and The Humber,2019,259778,5502967,56275016
E06000011,East Riding of Yorkshire,E12000003,Yorkshire and The Humber,2015,336756,5390211,54777305
E06000011,East Riding of Yorkshire,E12000003,Yorkshire and The Humber,2016,337804,5425370,55258490
E06000011,East Riding of Yorkshire,E12000003,Yorkshire and The Humber,2017,338061,5450130,55609517
E06000011,East Riding of Yorkshire,E12000003,Yorkshire and The Humber,2018,339614,5479615,55966230
E06000011,East Riding of Yorkshire,E12000003,Yorkshire and The Humber,2019,341173,5502967,56275016
E06000012,North East Lincolnshire,E12000003,Yorkshire and The Humber,2015,159971,5390211,54777305
E06000012,North East Lincolnshire,E12000003,Yorkshire and The Humber,2016,159828,5425370,55258490
E06000012,North East Lincolnshire,E12000003,Yorkshire and The Humber,2017,159826,5450130,55609517
E06000012,North East Lincolnshire,E12000003,Yorkshire and The Humber,2018,159821,5479615,55966230
E06000012,North East Lincolnshire,E12000003,Yorkshire and The Humber,2019,159563,5502967,56275016
E06000013,North Lincolnshire,E12000003,Yorkshire and The Humber,2015,169843,5390211,54777305
E06000013,North Lincolnshire,E12000003,Yorkshire and The Humber,2016,170807,5425370,55258490
E06000013,North Lincolnshire,E12000003,Yorkshire and The Humber,2017,171294,5450130,55609517
E06000013,North Lincolnshire,E12000003,Yorkshire and The Humber,2018,172005,5479615,55966230
E06000013,North Lincolnshire,E12000003,Yorkshire and The Humber,2019,172292,5502967,56275016
E06000014,York,E12000003,Yorkshire and The Humber,2015,205784,5390211,54777305
E06000014,York,E12000003,Yorkshire and The Humber,2016,206920,5425370,55258490
E06000014,York,E12000003,Yorkshire and The Humber,2017,208163,5450130,55609517
E06000014,York,E12000003,Yorkshire and The Humber,2018,209893,5479615,55966230
E06000014,York,E12000003,Yorkshire and The Humber,2019,210618,5502967,56275016
E06000015,Derby,E12000004,East Midlands,2015,253875,4677425,54777305
E06000015,Derby,E12000004,East Midlands,2016,256203,4725390,55258490
E06000015,Derby,E12000004,East Midlands,2017,257034,4771666,55609517
E06000015,Derby,E12000004,East Midlands,2018,257174,4804149,55966230
E06000015,Derby,E12000004,East Midlands,2019,257302,4835928,56275016
E06000016,Leicester,E12000004,East Midlands,2015,344036,4677425,54777305
E06000016,Leicester,E12000004,East Midlands,2016,349513,4725390,55258490
E06000016,Leicester,E12000004,East Midlands,2017,353540,4771666,55609517
E06000016,Leicester,E12000004,East Midlands,2018,355218,4804149,55966230
E06000016,Leicester,E12000004,East Midlands,2019,354224,4835928,56275016
E06000017,Rutland,E12000004,East Midlands,2015,38352,4677425,54777305
E06000017,Rutland,E12000004,East Midlands,2016,38949,4725390,55258490
E06000017,Rutland,E12000004,East Midlands,2017,39474,4771666,55609517
E06000017,Rutland,E12000004,East Midlands,2018,39697,4804149,55966230
E06000017,Rutland,E12000004,East Midlands,2019,39927,4835928,56275016
E06000018,Nottingham,E12000004,East Midlands,2015,318936,4677425,54777305
E06000018,Nottingham,E12000004,East Midlands,2016,324779,4725390,55258490
E06000018,Nottingham,E12000004,East Midlands,2017,329209,4771666,55609517
E06000018,Nottingham,E12000004,East Midlands,2018,331069,4804149,55966230
E06000018,Nottingham,E12000004,East Midlands,2019,332900,4835928,56275016
E06000019,"Herefordshire, County of",E12000005,West Midlands,2015,188522,5755032,54777305
E06000019,"Herefordshire, County of",E12000005,West Midlands,2016,189532,5810773,55258490
E06000019,"Herefordshire, County of",E12000005,West Midlands,2017,191041,5860706,55609517
E06000019,"Herefordshire, County of",E12000005,West Midlands,2018,192107,5900757,55966230
E06000019,"Herefordshire, County of",E12000005,West Midlands,2019,192801,5934037,56275016
E06000020,Telford and Wrekin,E12000005,West Midlands,2015,171677,5755032,54777305
E06000020,Telford and Wrekin,E12000005,West Midlands,2016,173727,5810773,55258490
E06000020,Telford and Wrekin,E12000005,West Midlands,2017,175768,5860706,55609517
E06000020,Telford and Wrekin,E12000005,West Midlands,2018,177799,5900757,55966230
E06000020,Telford and Wrekin,E12000005,West Midlands,2019,179854,5934037,56275016
E06000021,Stoke-on-Trent,E12000005,West Midlands,2015,251746,5755032,54777305
E06000021,Stoke-on-Trent,E12000005,West Midlands,2016,253659,5810773,55258490
E06000021,Stoke-on-Trent,E12000005,West Midlands,2017,255378,5860706,55609517
E06000021,Stoke-on-Trent,E12000005,West Midlands,2018,255833,5900757,55966230
E06000021,Stoke-on-Trent,E12000005,West Midlands,2019,256375,5934037,56275016
E06000022,Bath and North East Somerset,E12000009,South West,2015,184287,5469275,54777305
E06000022,Bath and North East Somerset,E12000009,South West,2016,186946,5514642,55258490
E06000022,Bath and North East Somerset,E12000009,South West,2017,188678,5557057,55609517
E06000022,Bath and North East Somerset,E12000009,South West,2018,192106,5597493,55966230
E06000022,Bath and North East Somerset,E12000009,South West,2019,193282,5622472,56275016
E06000023,"Bristol, City of",E12000009,South West,2015,450640,5469275,54777305
E06000023,"Bristol, City of",E12000009,South West,2016,455966,5514642,55258490
E06000023,"Bristol, City of",E12000009,South West,2017,459252,5557057,55609517
E06000023,"Bristol, City of",E12000009,South West,2018,463405,5597493,55966230
E06000023,"Bristol, City of",E12000009,South West,2019,463377,5622472,56275016
E06000024,North Somerset,E12000009,South West,2015,209941,5469275,54777305
E06000024,North Somerset,E12000009,South West,2016,211747,5514642,55258490
E06000024,North Somerset,E12000009,South West,2017,212834,5557057,55609517
E06000024,North Somerset,E12000009,South West,2018,213919,5597493,55966230
E06000024,North Somerset,E12000009,South West,2019,215052,5622472,56275016
E06000025,South Gloucestershire,E12000009,South West,2015,273952,5469275,54777305
E06000025,South Gloucestershire,E12000009,South West,2016,276677,5514642,55258490
E06000025,South Gloucestershire,E12000009,South West,2017,279027,5557057,55609517
E06000025,South Gloucestershire,E12000009,South West,2018,282644,5597493,55966230
E06000025,South Gloucestershire,E12000009,South West,2019,285093,5622472,56275016
E06000026,Plymouth,E12000009,South West,2015,261386,5469275,54777305
E06000026,Plymouth,E12000009,South West,2016,262355,5514642,55258490
E06000026,Plymouth,E12000009,South West,2017,263070,5557057,55609517
E06000026,Plymouth,E12000009,South West,2018,263100,5597493,55966230
E06000026,Plymouth,E12000009,South West,2019,262100,5622472,56275016
E06000027,Torbay,E12000009,South West,2015,133791,5469275,54777305
E06000027,Torbay,E12000009,South West,2016,134406,5514642,55258490
E06000027,Torbay,E12000009,South West,2017,135247,5557057,55609517
E06000027,Torbay,E12000009,South West,2018,135780,5597493,55966230
E06000027,Torbay,E12000009,South West,2019,136264,5622472,56275016
E06000030,Swindon,E12000009,South West,2015,217584,5469275,54777305
E06000030,Swindon,E12000009,South West,2016,218580,5514642,55258490
E06000030,Swindon,E12000009,South West,2017,220363,5557057,55609517
E06000030,Swindon,E12000009,South West,2018,221996,5597493,55966230
E06000030,Swindon,E12000009,South West,2019,222193,5622472,56275016
E06000031,Peterborough,E12000006,East of England,2015,193657,6075970,54777305
E06000031,Peterborough,E12000006,East of England,2016,196735,6129005,55258490
E06000031,Peterborough,E12000006,East of England,2017,198914,6168432,55609517
E06000031,Peterborough,E12000006,East of England,2018,201041,6201214,55966230
E06000031,Peterborough,E12000006,East of England,2019,202259,6236072,56275016
E06000032,Luton,E12000006,East of England,2015,213581,6075970,54777305
E06000032,Luton,E12000006,East of England,2016,215914,6129005,55258490
E06000032,Luton,E12000006,East of England,2017,214658,6168432,55609517
E06000032,Luton,E12000006,East of England,2018,214109,6201214,55966230
E06000032,Luton,E12000006,East of England,2019,213052,6236072,56275016
E06000033,Southend-on-Sea,E12000006,East of England,2015,179234,6075970,54777305
E06000033,Southend-on-Sea,E12000006,East of England,2016,180606,6129005,55258490
E06000033,Southend-on-Sea,E12000006,East of England,2017,181808,6168432,55609517
E06000033,Southend-on-Sea,E12000006,East of England,2018,182463,6201214,55966230
E06000033,Southend-on-Sea,E12000006,East of England,2019,183125,6236072,56275016
E06000034,Thurrock,E12000006,East of England,2015,166040,6075970,54777305
E06000034,Thurrock,E12000006,East of England,2016,168428,6129005,55258490
E06000034,Thurrock,E12000006,East of England,2017,170394,6168432,55609517
E06000034,Thurrock,E12000006,East of England,2018,172525,6201214,55966230
E06000034,Thurrock,E12000006,East of England,2019,174341,6236072,56275016
E06000035,Medway,E12000008,South East,2015,275176,8949392,54777305
E06000035,Medway,E12000008,South East,2016,276957,9030347,55258490
E06000035,Medway,E12000008,South East,2017,277616,9080825,55609517
E06000035,Medway,E12000008,South East,2018,277855,9133625,55966230
E06000035,Medway,E12000008,South East,2019,278556,9180135,56275016
E06000036,Bracknell Forest,E12000008,South East,2015,119205,8949392,54777305
E06000036,Bracknell Forest,E12000008,South East,2016,119730,9030347,55258490
E06000036,Bracknell Forest,E12000008,South East,2017,120377,9080825,55609517
E06000036,Bracknell Forest,E12000008,South East,2018,121676,9133625,55966230
E06000036,Bracknell Forest,E12000008,South East,2019,122549,9180135,56275016
E06000037,West Berkshire,E12000008,South East,2015,157460,8949392,54777305
E06000037,West Berkshire,E12000008,South East,2016,158576,9030347,55258490
E06000037,West Berkshire,E12000008,South East,2017,158473,9080825,55609517
E06000037,West Berkshire,E12000008,South East,2018,158527,9133625,55966230
E06000037,West Berkshire,E12000008,South East,2019,158450,9180135,56275016
E06000038,Reading,E12000008,South East,2015,161701,8949392,54777305
E06000038,Reading,E12000008,South East,2016,162701,9030347,55258490
E06000038,Reading,E12000008,South East,2017,163075,9080825,55609517
E06000038,Reading,E12000008,South East,2018,163203,9133625,55966230
E06000038,Reading,E12000008,South East,2019,161780,9180135,56275016
E06000039,Slough,E12000008,South East,2015,146038,8949392,54777305
E06000039,Slough,E12000008,South East,2016,147736,9030347,55258490
E06000039,Slough,E12000008,South East,2017,148768,9080825,55609517
E06000039,Slough,E12000008,South East,2018,149112,9133625,55966230
E06000039,Slough,E12000008,South East,2019,149539,9180135,56275016
E06000040,Windsor and Maidenhead,E12000008,South East,2015,148277,8949392,54777305
E06000040,Windsor and Maidenhead,E12000008,South East,2016,149689,9030347,55258490
E06000040,Windsor and Maidenhead,E12000008,South East,2017,150140,9080825,55609517
E06000040,Windsor and Maidenhead,E12000008,South East,2018,150906,9133625,55966230
E06000040,Windsor and Maidenhead,E12000008,South East,2019,151422,9180135,56275016
E06000041,Wokingham,E12000008,South East,2015,161200,8949392,54777305
E06000041,Wokingham,E12000008,South East,2016,163087,9030347,55258490
E06000041,Wokingham,E12000008,South East,2017,164980,9080825,55609517
E06000041,Wokingham,E12000008,South East,2018,167979,9133625,55966230
E06000041,Wokingham,E12000008,South East,2019,171119,9180135,56275016
E06000042,Milton Keynes,E12000008,South East,2015,263181,8949392,54777305
E06000042,Milton Keynes,E12000008,South East,2016,266240,9030347,55258490
E06000042,Milton Keynes,E12000008,South East,2017,267521,9080825,55609517
E06000042,Milton Keynes,E12000008,South East,2018,268607,9133625,55966230
E06000042,Milton Keynes,E12000008,South East,2019,269457,9180135,56275016
E06000043,Brighton and Hove,E12000008,South East,2015,284073,8949392,54777305
E06000043,Brighton and Hove,E12000008,South East,2016,287173,9030347,55258490
E06000043,Brighton and Hove,E12000008,South East,2017,288155,9080825,55609517
E06000043,Brighton and Hove,E12000008,South East,2018,290395,9133625,55966230
E06000043,Brighton and Hove,E12000008,South East,2019,290885,9180135,56275016
E06000044,Portsmouth,E12000008,South East,2015,210538,8949392,54777305
E06000044,Portsmouth,E12000008,South East,2016,213335,9030347,55258490
E06000044,Portsmouth,E12000008,South East,2017,214718,9080825,55609517
E06000044,Portsmouth,E12000008,South East,2018,215133,9133625,55966230
E06000044,Portsmouth,E12000008,South East,2019,214905,9180135,56275016
E06000045,Southampton,E12000008,South East,2015,246054,8949392,54777305
E06000045,Southampton,E12000008,South East,2016,250377,9030347,55258490
E06000045,Southampton,E12000008,South East,2017,252359,9080825,55609517
E06000045,Southampton,E12000008,South East,2018,252796,9133625,55966230
E06000045,Southampton,E12000008,South East,2019,252520,9180135,56275016
E06000046,Isle of Wight,E12000008,South East,2015,139763,8949392,54777305
E06000046,Isle of Wight,E12000008,South East,2016,140264,9030347,55258490
E06000046,Isle of Wight,E12000008,South East,2017,140984,9080825,55609517
E06000046,Isle of Wight,E12000008,South East,2018,141538,9133625,55966230
E06000046,Isle of Wight,E12000008,South East,2019,141771,9180135,56275016
E06000047,County Durham,E12000001,North East,2015,519347,2624579,54777305
E06000047,County Durham,E12000001,North East,2016,521776,2636589,55258490
E06000047,County Durham,E12000001,North East,2017,523662,2644727,55609517
E06000047,County Durham,E12000001,North East,2018,526980,2657909,55966230
E06000047,County Durham,E12000001,North East,2019,530094,2669941,56275016
E06000049,Cheshire East,E12000002,North West,2015,375722,7175178,54777305
E06000049,Cheshire East,E12000002,North West,2016,377303,7223961,55258490
E06000049,Cheshire East,E12000002,North West,2017,378846,7258627,55609517
E06000049,Cheshire East,E12000002,North West,2018,380790,7292093,55966230
E06000049,Cheshire East,E12000002,North West,2019,384152,7341196,56275016
E06000050,Cheshire West and Chester,E12000002,North West,2015,333949,7175178,54777305
E06000050,Cheshire West and Chester,E12000002,North West,2016,335724,7223961,55258490
E06000050,Cheshire West and Chester,E12000002,North West,2017,337986,7258627,55609517
E06000050,Cheshire West and Chester,E12000002,North West,2018,340502,7292093,55966230
E06000050,Cheshire West and Chester,E12000002,North West,2019,343071,7341196,56275016
E06000051,Shropshire,E12000005,West Midlands,2015,312227,5755032,54777305
E06000051,Shropshire,E12000005,West Midlands,2016,314392,5810773,55258490
E06000051,Shropshire,E12000005,West Midlands,2017,317459,5860706,55609517
E06000051,Shropshire,E12000005,West Midlands,2018,320274,5900757,55966230
E06000051,Shropshire,E12000005,West Midlands,2019,323136,5934037,56275016
E06000052,Cornwall,E12000009,South West,2015,550283,5469275,54777305
E06000052,Cornwall,E12000009,South West,2016,555057,5514642,55258490
E06000052,Cornwall,E12000009,South West,2017,561349,5557057,55609517
E06000052,Cornwall,E12000009,South West,2018,565968,5597493,55966230
E06000052,Cornwall,E12000009,South West,2019,569578,5622472,56275016
E06000054,Wiltshire,E12000009,South West,2015,488487,5469275,54777305
E06000054,Wiltshire,E12000009,South West,2016,492240,5514642,55258490
E06000054,Wiltshire,E12000009,South West,2017,496043,5557057,55609517
E06000054,Wiltshire,E12000009,South West,2018,498064,5597493,55966230
E06000054,Wiltshire,E12000009,South West,2019,500024,5622472,56275016
E06000055,Bedford,E12000006,East of England,2015,166376,6075970,54777305
E06000055,Bedford,E12000006,East of England,2016,168814,6129005,55258490
E06000055,Bedford,E12000006,East of England,2017,169912,6168432,55609517
E06000055,Bedford,E12000006,East of England,2018,171623,6201214,55966230
E06000055,Bedford,E12000006,East of England,2019,173292,6236072,56275016
E06000056,Central Bedfordshire,E12000006,East of England,2015,272421,6075970,54777305
E06000056,Central Bedfordshire,E12000006,East of England,2016,276731,6129005,55258490
E06000056,Central Bedfordshire,E12000006,East of England,2017,280030,6168432,55609517
E06000056,Central Bedfordshire,E12000006,East of England,2018,283606,6201214,55966230
E06000056,Central Bedfordshire,E12000006,East of England,2019,288648,6236072,56275016
E06000057,Northumberland,E12000001,North East,2015,316453,2624579,54777305
E06000057,Northumberland,E12000001,North East,2016,317444,2636589,55258490
E06000057,Northumberland,E12000001,North East,2017,319030,2644727,55609517
E06000057,Northumberland,E12000001,North East,2018,320274,2657909,55966230
E06000057,Northumberland,E12000001,North East,2019,322434,2669941,56275016
E06000058,"Bournemouth, Christchurch and Poole",E12000009,South West,2015,390889,5469275,54777305
E06000058,"Bournemouth, Christchurch and Poole",E12000009,South West,2016,394009,5514642,55258490
E06000058,"Bournemouth, Christchurch and Poole",E12000009,South West,2017,395638,5557057,55609517
E06000058,"Bournemouth, Christchurch and Poole",E12000009,South West,2018,395784,5597493,55966230
E06000058,"Bournemouth, Christchurch and Poole",E12000009,South West,2019,395331,5622472,56275016
E06000059,Dorset,E12000009,South West,2015,371636,5469275,54777305
E06000059,Dorset,E12000009,South West,2016,373288,5514642,55258490
E06000059,Dorset,E12000009,South West,2017,375051,5557057,55609517
E06000059,Dorset,E12000009,South West,2018,376484,5597493,55966230
E06000059,Dorset,E12000009,South West,2019,378508,5622472,56275016
E09000020,Kensington and Chelsea,E12000007,London,2015,158589,8660243,54777305
E09000020,Kensington and Chelsea,E12000007,London,2016,156773,8762413,55258490
E09000020,Kensington and Chelsea,E12000007,London,2017,155741,8817347,55609517
E09000020,Kensington and Chelsea,E12000007,London,2018,156197,8899375,55966230
E09000020,Kensington and Chelsea,E12000007,London,2019,156129,8952268,56275016
E09000021,Kingston upon Thames,E12000007,London,2015,171609,8660243,54777305
E09000021,Kingston upon Thames,E12000007,London,2016,173703,8762413,55258490
E09000021,Kingston upon Thames,E12000007,London,2017,174609,8817347,55609517
E09000021,Kingston upon Thames,E12000007,London,2018,175470,8899375,55966230
E09000021,Kingston upon Thames,E12000007,London,2019,177507,8952268,56275016
E09000022,Lambeth,E12000007,London,2015,320736,8660243,54777305
E09000022,Lambeth,E12000007,London,2016,323063,8762413,55258490
E09000022,Lambeth,E12000007,London,2017,324048,8817347,55609517
E09000022,Lambeth,E12000007,London,2018,325917,8899375,55966230
E09000022,Lambeth,E12000007,London,2019,326034,8952268,56275016
E09000023,Lewisham,E12000007,London,2015,294999,8660243,54777305
E09000023,Lewisham,E12000007,London,2016,298903,8762413,55258490
E09000023,Lewisham,E12000007,London,2017,301307,8817347,55609517
E09000023,Lewisham,E12000007,London,2018,303536,8899375,55966230
E09000023,Lewisham,E12000007,London,2019,305842,8952268,56275016
E09000024,Merton,E12000007,London,2015,205965,8660243,54777305
E09000024,Merton,E12000007,London,2016,206706,8762413,55258490
E09000024,Merton,E12000007,London,2017,206052,8817347,55609517
E09000024,Merton,E12000007,London,2018,206186,8899375,55966230
E09000024,Merton,E12000007,London,2019,206548,8952268,56275016
E09000025,Newham,E12000007,London,2015,336254,8660243,54777305
E09000025,Newham,E12000007,London,2016,344533,8762413,55258490
E09000025,Newham,E12000007,London,2017,347996,8817347,55609517
E09000025,Newham,E12000007,London,2018,352005,8899375,55966230
E09000025,Newham,E12000007,London,2019,353134,8952268,56275016
E09000026,Redbridge,E12000007,London,2015,297928,8660243,54777305
E09000026,Redbridge,E12000007,London,2016,301328,8762413,55258490
E09000026,Redbridge,E12000007,London,2017,301785,8817347,55609517
E09000026,Redbridge,E12000007,London,2018,303858,8899375,55966230
E09000026,Redbridge,E12000007,London,2019,305222,8952268,56275016
E09000027,Richmond upon Thames,E12000007,London,2015,194124,8660243,54777305
E09000027,Richmond upon Thames,E12000007,London,2016,195187,8762413,55258490
E09000027,Richmond upon Thames,E12000007,London,2017,195680,8817347,55609517
E09000027,Richmond upon Thames,E12000007,London,2018,196904,8899375,55966230
E09000027,Richmond upon Thames,E12000007,London,2019,198019,8952268,56275016
E09000028,Southwark,E12000007,London,2015,308434,8660243,54777305
E09000028,Southwark,E12000007,London,2016,311655,8762413,55258490
E09000028,Southwark,E12000007,London,2017,314232,8817347,55609517
E09000028,Southwark,E12000007,London,2018,317256,8899375,55966230
E09000028,Southwark,E12000007,London,2019,318830,8952268,56275016
E09000029,Sutton,E12000007,London,2015,199870,8660243,54777305
E09000029,Sutton,E12000007,London,2016,201945,8762413,55258490
E09000029,Sutton,E12000007,London,2017,203243,8817347,55609517
E09000029,Sutton,E12000007,London,2018,204525,8899375,55966230
E09000029,Sutton,E12000007,London,2019,206349,8952268,56275016
E09000030,Tower Hamlets,E12000007,London,2015,293828,8660243,54777305
E09000030,Tower Hamlets,E12000007,London,2016,300943,8762413,55258490
E09000030,Tower Hamlets,E12000007,London,2017,307964,8817347,55609517
E09000030,Tower Hamlets,E12000007,London,2018,317705,8899375,55966230
E09000030,Tower Hamlets,E12000007,London,2019,324745,8952268,56275016
E09000031,Waltham Forest,E12000007,London,2015,270671,8660243,54777305
E09000031,Waltham Forest,E12000007,London,2016,274222,8762413,55258490
E09000031,Waltham Forest,E12000007,London,2017,275505,8817347,55609517
E09000031,Waltham Forest,E12000007,London,2018,276700,8899375,55966230
E09000031,Waltham Forest,E12000007,London,2019,276983,8952268,56275016
E09000032,Wandsworth,E12000007,London,2015,319477,8660243,54777305
E09000032,Wandsworth,E12000007,London,2016,321497,8762413,55258490
E09000032,Wandsworth,E12000007,London,2017,323257,8817347,55609517
E09000032,Wandsworth,E12000007,London,2018,326474,8899375,55966230
E09000032,Wandsworth,E12000007,London,2019,329677,8952268,56275016
E09000033,Westminster,E12000007,London,2015,238047,8660243,54777305
E09000033,Westminster,E12000007,London,2016,241974,8762413,55258490
E09000033,Westminster,E12000007,London,2017,244796,8817347,55609517
E09000033,Westminster,E12000007,London,2018,255324,8899375,55966230
E09000033,Westminster,E12000007,London,2019,261317,8952268,56275016
E10000003,Cambridgeshire,E12000006,East of England,2015,641524,6075970,54777305
E10000003,Cambridgeshire,E12000006,East of England,2016,644575,6129005,55258490
E10000003,Cambridgeshire,E12000006,East of England,2017,648237,6168432,55609517
E10000003,Cambridgeshire,E12000006,East of England,2018,651482,6201214,55966230
E10000003,Cambridgeshire,E12000006,East of England,2019,653537,6236072,56275016
E10000006,Cumbria,E12000002,North West,2015,498581,7175178,54777305
E10000006,Cumbria,E12000002,North West,2016,498793,7223961,55258490
E10000006,Cumbria,E12000002,North West,2017,498375,7258627,55609517
E10000006,Cumbria,E12000002,North West,2018,498888,7292093,55966230
E10000006,Cumbria,E12000002,North West,2019,500012,7341196,56275016
E10000007,Derbyshire,E12000004,East Midlands,2015,783082,4677425,54777305
E10000007,Derbyshire,E12000004,East Midlands,2016,786734,4725390,55258490
E10000007,Derbyshire,E12000004,East Midlands,2017,791966,4771666,55609517
E10000007,Derbyshire,E12000004,East Midlands,2018,796142,4804149,55966230
E10000007,Derbyshire,E12000004,East Midlands,2019,802694,4835928,56275016
E10000008,Devon,E12000009,South West,2015,772406,5469275,54777305
E10000008,Devon,E12000009,South West,2016,778831,5514642,55258490
E10000008,Devon,E12000009,South West,2017,787171,5557057,55609517
E10000008,Devon,E12000009,South West,2018,795286,5597493,55966230
E10000008,Devon,E12000009,South West,2019,802375,5622472,56275016
E10000011,East Sussex,E12000008,South East,2015,545021,8949392,54777305
E10000011,East Sussex,E12000008,South East,2016,549557,9030347,55258490
E10000011,East Sussex,E12000008,South East,2017,552259,9080825,55609517
E10000011,East Sussex,E12000008,South East,2018,554590,9133625,55966230
E10000011,East Sussex,E12000008,South East,2019,557229,9180135,56275016
E10000012,Essex,E12000006,East of England,2015,1445323,6075970,54777305
E10000012,Essex,E12000006,East of England,2016,1457910,6129005,55258490
E10000012,Essex,E12000006,East of England,2017,1468177,6168432,55609517
E10000012,Essex,E12000006,East of England,2018,1477764,6201214,55966230
E10000012,Essex,E12000006,East of England,2019,1489189,6236072,56275016
E06000060,Buckinghamshire,E12000008,South East,2015,527114,8949392,54777305
E06000060,Buckinghamshire,E12000008,South East,2016,533056,9030347,55258490
E06000060,Buckinghamshire,E12000008,South East,2017,535918,9080825,55609517
E06000060,Buckinghamshire,E12000008,South East,2018,540059,9133625,55966230
E06000060,Buckinghamshire,E12000008,South East,2019,543973,9180135,56275016
E08000001,Bolton,E12000002,North West,2015,281828,7175178,54777305
E08000001,Bolton,E12000002,North West,2016,283536,7223961,55258490
E08000001,Bolton,E12000002,North West,2017,284813,7258627,55609517
E08000001,Bolton,E12000002,North West,2018,285372,7292093,55966230
E08000001,Bolton,E12000002,North West,2019,287550,7341196,56275016
E08000002,Bury,E12000002,North West,2015,187788,7175178,54777305
E08000002,Bury,E12000002,North West,2016,188503,7223961,55258490
E08000002,Bury,E12000002,North West,2017,189628,7258627,55609517
E08000002,Bury,E12000002,North West,2018,190108,7292093,55966230
E08000002,Bury,E12000002,North West,2019,190990,7341196,56275016
E10000013,Gloucestershire,E12000009,South West,2015,617527,5469275,54777305
E10000013,Gloucestershire,E12000009,South West,2016,623094,5514642,55258490
E10000013,Gloucestershire,E12000009,South West,2017,628139,5557057,55609517
E10000013,Gloucestershire,E12000009,South West,2018,633558,5597493,55966230
E10000013,Gloucestershire,E12000009,South West,2019,637070,5622472,56275016
E08000003,Manchester,E12000002,North West,2015,529809,7175178,54777305
E08000003,Manchester,E12000002,North West,2016,541319,7223961,55258490
E08000003,Manchester,E12000002,North West,2017,545501,7258627,55609517
E08000003,Manchester,E12000002,North West,2018,547627,7292093,55966230
E08000003,Manchester,E12000002,North West,2019,552858,7341196,56275016
E08000004,Oldham,E12000002,North West,2015,230197,7175178,54777305
E08000004,Oldham,E12000002,North West,2016,232349,7223961,55258490
E08000004,Oldham,E12000002,North West,2017,233759,7258627,55609517
E08000004,Oldham,E12000002,North West,2018,235623,7292093,55966230
E08000004,Oldham,E12000002,North West,2019,237110,7341196,56275016
E08000005,Rochdale,E12000002,North West,2015,214314,7175178,54777305
E08000005,Rochdale,E12000002,North West,2016,216350,7223961,55258490
E08000005,Rochdale,E12000002,North West,2017,218459,7258627,55609517
E08000005,Rochdale,E12000002,North West,2018,220001,7292093,55966230
E08000005,Rochdale,E12000002,North West,2019,222412,7341196,56275016
E08000006,Salford,E12000002,North West,2015,245186,7175178,54777305
E08000006,Salford,E12000002,North West,2016,248121,7223961,55258490
E08000006,Salford,E12000002,North West,2017,251332,7258627,55609517
E08000006,Salford,E12000002,North West,2018,254408,7292093,55966230
E08000006,Salford,E12000002,North West,2019,258834,7341196,56275016
E08000007,Stockport,E12000002,North West,2015,288169,7175178,54777305
E08000007,Stockport,E12000002,North West,2016,289821,7223961,55258490
E08000007,Stockport,E12000002,North West,2017,291045,7258627,55609517
E08000007,Stockport,E12000002,North West,2018,291775,7292093,55966230
E08000007,Stockport,E12000002,North West,2019,293423,7341196,56275016
E08000008,Tameside,E12000002,North West,2015,221507,7175178,54777305
E08000008,Tameside,E12000002,North West,2016,223109,7223961,55258490
E08000008,Tameside,E12000002,North West,2017,224119,7258627,55609517
E08000008,Tameside,E12000002,North West,2018,225197,7292093,55966230
E08000008,Tameside,E12000002,North West,2019,226493,7341196,56275016
E10000014,Hampshire,E12000008,South East,2015,1356994,8949392,54777305
E10000014,Hampshire,E12000008,South East,2016,1365103,9030347,55258490
E10000014,Hampshire,E12000008,South East,2017,1370728,9080825,55609517
E10000014,Hampshire,E12000008,South East,2018,1376316,9133625,55966230
E10000014,Hampshire,E12000008,South East,2019,1382542,9180135,56275016
E08000009,Trafford,E12000002,North West,2015,232975,7175178,54777305
E08000009,Trafford,E12000002,North West,2016,234210,7223961,55258490
E08000009,Trafford,E12000002,North West,2017,235493,7258627,55609517
E08000009,Trafford,E12000002,North West,2018,236370,7292093,55966230
E08000009,Trafford,E12000002,North West,2019,237354,7341196,56275016
E08000010,Wigan,E12000002,North West,2015,322244,7175178,54777305
E08000010,Wigan,E12000002,North West,2016,323526,7223961,55258490
E08000010,Wigan,E12000002,North West,2017,324650,7258627,55609517
E08000010,Wigan,E12000002,North West,2018,326088,7292093,55966230
E08000010,Wigan,E12000002,North West,2019,328662,7341196,56275016
E08000011,Knowsley,E12000002,North West,2015,147262,7175178,54777305
E08000011,Knowsley,E12000002,North West,2016,148001,7223961,55258490
E08000011,Knowsley,E12000002,North West,2017,148560,7258627,55609517
E08000011,Knowsley,E12000002,North West,2018,149571,7292093,55966230
E08000011,Knowsley,E12000002,North West,2019,150862,7341196,56275016
E08000012,Liverpool,E12000002,North West,2015,480873,7175178,54777305
E08000012,Liverpool,E12000002,North West,2016,487605,7223961,55258490
E08000012,Liverpool,E12000002,North West,2017,491549,7258627,55609517
E08000012,Liverpool,E12000002,North West,2018,494814,7292093,55966230
E08000012,Liverpool,E12000002,North West,2019,498042,7341196,56275016
E08000013,St. Helens,E12000002,North West,2015,177592,7175178,54777305
E08000013,St. Helens,E12000002,North West,2016,178480,7223961,55258490
E08000013,St. Helens,E12000002,North West,2017,179331,7258627,55609517
E08000013,St. Helens,E12000002,North West,2018,180049,7292093,55966230
E08000013,St. Helens,E12000002,North West,2019,180585,7341196,56275016
E10000029,Suffolk,E12000006,East of England,2015,747734,6075970,54777305
E10000029,Suffolk,E12000006,East of England,2016,751175,6129005,55258490
E10000029,Suffolk,E12000006,East of England,2017,756978,6168432,55609517
E10000029,Suffolk,E12000006,East of England,2018,758556,6201214,55966230
E10000029,Suffolk,E12000006,East of England,2019,761350,6236072,56275016
E10000015,Hertfordshire,E12000006,East of England,2015,1165332,6075970,54777305
E10000015,Hertfordshire,E12000006,East of England,2016,1176386,6129005,55258490
E10000015,Hertfordshire,E12000006,East of England,2017,1180934,6168432,55609517
E10000015,Hertfordshire,E12000006,East of England,2018,1184365,6201214,55966230
E10000015,Hertfordshire,E12000006,East of England,2019,1189519,6236072,56275016
E10000016,Kent,E12000008,South East,2015,1523100,8949392,54777305
E10000016,Kent,E12000008,South East,2016,1540438,9030347,55258490
E10000016,Kent,E12000008,South East,2017,1554636,9080825,55609517
E10000016,Kent,E12000008,South East,2018,1568623,9133625,55966230
E10000016,Kent,E12000008,South East,2019,1581555,9180135,56275016
E10000017,Lancashire,E12000002,North West,2015,1188875,7175178,54777305
E10000017,Lancashire,E12000002,North West,2016,1195418,7223961,55258490
E10000017,Lancashire,E12000002,North West,2017,1201855,7258627,55609517
E10000017,Lancashire,E12000002,North West,2018,1210053,7292093,55966230
E10000017,Lancashire,E12000002,North West,2019,1219799,7341196,56275016
E10000018,Leicestershire,E12000004,East Midlands,2015,673410,4677425,54777305
E10000018,Leicestershire,E12000004,East Midlands,2016,680466,4725390,55258490
E10000018,Leicestershire,E12000004,East Midlands,2017,690212,4771666,55609517
E10000018,Leicestershire,E12000004,East Midlands,2018,698268,4804149,55966230
E10000018,Leicestershire,E12000004,East Midlands,2019,706155,4835928,56275016
E08000014,Sefton,E12000002,North West,2015,274089,7175178,54777305
E08000014,Sefton,E12000002,North West,2016,274853,7223961,55258490
E08000014,Sefton,E12000002,North West,2017,274589,7258627,55609517
E08000014,Sefton,E12000002,North West,2018,275396,7292093,55966230
E08000014,Sefton,E12000002,North West,2019,276410,7341196,56275016
E08000015,Wirral,E12000002,North West,2015,321700,7175178,54777305
E08000015,Wirral,E12000002,North West,2016,322216,7223961,55258490
E08000015,Wirral,E12000002,North West,2017,322796,7258627,55609517
E08000015,Wirral,E12000002,North West,2018,323235,7292093,55966230
E08000015,Wirral,E12000002,North West,2019,324011,7341196,56275016
E08000016,Barnsley,E12000003,Yorkshire and The Humber,2015,239855,5390211,54777305
E08000016,Barnsley,E12000003,Yorkshire and The Humber,2016,241847,5425370,55258490
E08000016,Barnsley,E12000003,Yorkshire and The Humber,2017,243341,5450130,55609517
E08000016,Barnsley,E12000003,Yorkshire and The Humber,2018,245199,5479615,55966230
E08000016,Barnsley,E12000003,Yorkshire and The Humber,2019,246866,5502967,56275016
E10000019,Lincolnshire,E12000004,East Midlands,2015,737350,4677425,54777305
E10000019,Lincolnshire,E12000004,East Midlands,2016,744811,4725390,55258490
E10000019,Lincolnshire,E12000004,East Midlands,2017,751171,4771666,55609517
E10000019,Lincolnshire,E12000004,East Midlands,2018,755833,4804149,55966230
E10000019,Lincolnshire,E12000004,East Midlands,2019,761224,4835928,56275016
E08000017,Doncaster,E12000003,Yorkshire and The Humber,2015,305496,5390211,54777305
E08000017,Doncaster,E12000003,Yorkshire and The Humber,2016,307374,5425370,55258490
E08000017,Doncaster,E12000003,Yorkshire and The Humber,2017,308940,5450130,55609517
E08000017,Doncaster,E12000003,Yorkshire and The Humber,2018,310542,5479615,55966230
E08000017,Doncaster,E12000003,Yorkshire and The Humber,2019,311890,5502967,56275016
E10000030,Surrey,E12000008,South East,2015,1172382,8949392,54777305
E10000030,Surrey,E12000008,South East,2016,1180956,9030347,55258490
E10000030,Surrey,E12000008,South East,2017,1185321,9080825,55609517
E10000030,Surrey,E12000008,South East,2018,1189934,9133625,55966230
E10000030,Surrey,E12000008,South East,2019,1196236,9180135,56275016
E08000018,Rotherham,E12000003,Yorkshire and The Humber,2015,260929,5390211,54777305
E08000018,Rotherham,E12000003,Yorkshire and The Humber,2016,262142,5425370,55258490
E08000018,Rotherham,E12000003,Yorkshire and The Humber,2017,263375,5450130,55609517
E08000018,Rotherham,E12000003,Yorkshire and The Humber,2018,264671,5479615,55966230
E08000018,Rotherham,E12000003,Yorkshire and The Humber,2019,265411,5502967,56275016
E08000019,Sheffield,E12000003,Yorkshire and The Humber,2015,569177,5390211,54777305
E08000019,Sheffield,E12000003,Yorkshire and The Humber,2016,574050,5425370,55258490
E08000019,Sheffield,E12000003,Yorkshire and The Humber,2017,577789,5450130,55609517
E08000019,Sheffield,E12000003,Yorkshire and The Humber,2018,582506,5479615,55966230
E08000019,Sheffield,E12000003,Yorkshire and The Humber,2019,584853,5502967,56275016
E08000021,Newcastle upon Tyne,E12000001,North East,2015,290764,2624579,54777305
E08000021,Newcastle upon Tyne,E12000001,North East,2016,293713,2636589,55258490
E08000021,Newcastle upon Tyne,E12000001,North East,2017,295842,2644727,55609517
E08000021,Newcastle upon Tyne,E12000001,North East,2018,300196,2657909,55966230
E08000021,Newcastle upon Tyne,E12000001,North East,2019,302820,2669941,56275016
E08000022,North Tyneside,E12000001,North East,2015,202725,2624579,54777305
E08000022,North Tyneside,E12000001,North East,2016,203575,2636589,55258490
E08000022,North Tyneside,E12000001,North East,2017,204473,2644727,55609517
E08000022,North Tyneside,E12000001,North East,2018,205985,2657909,55966230
E08000022,North Tyneside,E12000001,North East,2019,207913,2669941,56275016
E08000023,South Tyneside,E12000001,North East,2015,148495,2624579,54777305
E08000023,South Tyneside,E12000001,North East,2016,149194,2636589,55258490
E08000023,South Tyneside,E12000001,North East,2017,149555,2644727,55609517
E08000023,South Tyneside,E12000001,North East,2018,150265,2657909,55966230
E08000023,South Tyneside,E12000001,North East,2019,150976,2669941,56275016
E10000020,Norfolk,E12000006,East of England,2015,884748,6075970,54777305
E10000020,Norfolk,E12000006,East of England,2016,891731,6129005,55258490
E10000020,Norfolk,E12000006,East of England,2017,898390,6168432,55609517
E10000020,Norfolk,E12000006,East of England,2018,903680,6201214,55966230
E10000020,Norfolk,E12000006,East of England,2019,907760,6236072,56275016
E10000021,Northamptonshire,E12000004,East Midlands,2015,722167,4677425,54777305
E10000021,Northamptonshire,E12000004,East Midlands,2016,732452,4725390,55258490
E10000021,Northamptonshire,E12000004,East Midlands,2017,741209,4771666,55609517
E10000021,Northamptonshire,E12000004,East Midlands,2018,747622,4804149,55966230
E10000021,Northamptonshire,E12000004,East Midlands,2019,753278,4835928,56275016
E10000023,North Yorkshire,E12000003,Yorkshire and The Humber,2015,606017,5390211,54777305
E10000023,North Yorkshire,E12000003,Yorkshire and The Humber,2016,609538,5425370,55258490
E10000023,North Yorkshire,E12000003,Yorkshire and The Humber,2017,611633,5450130,55609517
E10000023,North Yorkshire,E12000003,Yorkshire and The Humber,2018,614505,5479615,55966230
E10000023,North Yorkshire,E12000003,Yorkshire and The Humber,2019,618054,5502967,56275016
E10000024,Nottinghamshire,E12000004,East Midlands,2015,806217,4677425,54777305
E10000024,Nottinghamshire,E12000004,East Midlands,2016,811483,4725390,55258490
E10000024,Nottinghamshire,E12000004,East Midlands,2017,817851,4771666,55609517
E10000024,Nottinghamshire,E12000004,East Midlands,2018,823126,4804149,55966230
E10000024,Nottinghamshire,E12000004,East Midlands,2019,828224,4835928,56275016
E10000025,Oxfordshire,E12000008,South East,2015,673590,8949392,54777305
E10000025,Oxfordshire,E12000008,South East,2016,678484,9030347,55258490
E10000025,Oxfordshire,E12000008,South East,2017,682444,9080825,55609517
E10000025,Oxfordshire,E12000008,South East,2018,687524,9133625,55966230
E10000025,Oxfordshire,E12000008,South East,2019,691667,9180135,56275016
E10000027,Somerset,E12000009,South West,2015,546466,5469275,54777305
E10000027,Somerset,E12000009,South West,2016,551446,5514642,55258490
E10000027,Somerset,E12000009,South West,2017,555195,5557057,55609517
E10000027,Somerset,E12000009,South West,2018,559399,5597493,55966230
E10000027,Somerset,E12000009,South West,2019,562225,5622472,56275016
E10000028,Staffordshire,E12000005,West Midlands,2015,862166,5755032,54777305
E10000028,Staffordshire,E12000005,West Midlands,2016,866430,5810773,55258490
E10000028,Staffordshire,E12000005,West Midlands,2017,870825,5860706,55609517
E10000028,Staffordshire,E12000005,West Midlands,2018,875219,5900757,55966230
E10000028,Staffordshire,E12000005,West Midlands,2019,879560,5934037,56275016
E08000024,Sunderland,E12000001,North East,2015,276813,2624579,54777305
E08000024,Sunderland,E12000001,North East,2016,277307,2636589,55258490
E08000024,Sunderland,E12000001,North East,2017,277249,2644727,55609517
E08000024,Sunderland,E12000001,North East,2018,277417,2657909,55966230
E08000024,Sunderland,E12000001,North East,2019,277705,2669941,56275016
E08000025,Birmingham,E12000005,West Midlands,2015,1112950,5755032,54777305
E08000025,Birmingham,E12000005,West Midlands,2016,1128077,5810773,55258490
E08000025,Birmingham,E12000005,West Midlands,2017,1137123,5860706,55609517
E08000025,Birmingham,E12000005,West Midlands,2018,1141374,5900757,55966230
E08000025,Birmingham,E12000005,West Midlands,2019,1141816,5934037,56275016
E08000026,Coventry,E12000005,West Midlands,2015,344288,5755032,54777305
E08000026,Coventry,E12000005,West Midlands,2016,353215,5810773,55258490
E08000026,Coventry,E12000005,West Midlands,2017,360149,5860706,55609517
E08000026,Coventry,E12000005,West Midlands,2018,366785,5900757,55966230
E08000026,Coventry,E12000005,West Midlands,2019,371521,5934037,56275016
E08000027,Dudley,E12000005,West Midlands,2015,316331,5755032,54777305
E08000027,Dudley,E12000005,West Midlands,2016,317558,5810773,55258490
E08000027,Dudley,E12000005,West Midlands,2017,319419,5860706,55609517
E08000027,Dudley,E12000005,West Midlands,2018,320626,5900757,55966230
E08000027,Dudley,E12000005,West Midlands,2019,321596,5934037,56275016
E10000031,Warwickshire,E12000005,West Midlands,2015,555154,5755032,54777305
E10000031,Warwickshire,E12000005,West Midlands,2016,558991,5810773,55258490
E10000031,Warwickshire,E12000005,West Midlands,2017,564562,5860706,55609517
E10000031,Warwickshire,E12000005,West Midlands,2018,571010,5900757,55966230
E10000031,Warwickshire,E12000005,West Midlands,2019,577933,5934037,56275016
E08000028,Sandwell,E12000005,West Midlands,2015,319101,5755032,54777305
E08000028,Sandwell,E12000005,West Midlands,2016,322631,5810773,55258490
E08000028,Sandwell,E12000005,West Midlands,2017,325460,5860706,55609517
E08000028,Sandwell,E12000005,West Midlands,2018,327378,5900757,55966230
E08000028,Sandwell,E12000005,West Midlands,2019,328450,5934037,56275016
E08000029,Solihull,E12000005,West Midlands,2015,210834,5755032,54777305
E08000029,Solihull,E12000005,West Midlands,2016,212166,5810773,55258490
E08000029,Solihull,E12000005,West Midlands,2017,213933,5860706,55609517
E08000029,Solihull,E12000005,West Midlands,2018,214909,5900757,55966230
E08000029,Solihull,E12000005,West Midlands,2019,216374,5934037,56275016
E08000030,Walsall,E12000005,West Midlands,2015,275880,5755032,54777305
E08000030,Walsall,E12000005,West Midlands,2016,278887,5810773,55258490
E08000030,Walsall,E12000005,West Midlands,2017,281293,5860706,55609517
E08000030,Walsall,E12000005,West Midlands,2018,283378,5900757,55966230
E08000030,Walsall,E12000005,West Midlands,2019,285478,5934037,56275016
E08000031,Wolverhampton,E12000005,West Midlands,2015,255106,5755032,54777305
E08000031,Wolverhampton,E12000005,West Midlands,2016,258017,5810773,55258490
E08000031,Wolverhampton,E12000005,West Midlands,2017,259926,5860706,55609517
E08000031,Wolverhampton,E12000005,West Midlands,2018,262008,5900757,55966230
E08000031,Wolverhampton,E12000005,West Midlands,2019,263357,5934037,56275016
E08000032,Bradford,E12000003,Yorkshire and The Humber,2015,529879,5390211,54777305
E08000032,Bradford,E12000003,Yorkshire and The Humber,2016,532539,5425370,55258490
E08000032,Bradford,E12000003,Yorkshire and The Humber,2017,534800,5450130,55609517
E08000032,Bradford,E12000003,Yorkshire and The Humber,2018,537173,5479615,55966230
E08000032,Bradford,E12000003,Yorkshire and The Humber,2019,539776,5502967,56275016
E10000032,West Sussex,E12000008,South East,2015,838525,8949392,54777305
E10000032,West Sussex,E12000008,South East,2016,846888,9030347,55258490
E10000032,West Sussex,E12000008,South East,2017,852353,9080825,55609517
E10000032,West Sussex,E12000008,South East,2018,858852,9133625,55966230
E10000032,West Sussex,E12000008,South East,2019,863980,9180135,56275016
E08000033,Calderdale,E12000003,Yorkshire and The Humber,2015,207832,5390211,54777305
E08000033,Calderdale,E12000003,Yorkshire and The Humber,2016,209069,5425370,55258490
E08000033,Calderdale,E12000003,Yorkshire and The Humber,2017,209454,5450130,55609517
E08000033,Calderdale,E12000003,Yorkshire and The Humber,2018,210082,5479615,55966230
E08000033,Calderdale,E12000003,Yorkshire and The Humber,2019,211455,5502967,56275016
E10000034,Worcestershire,E12000005,West Midlands,2015,579050,5755032,54777305
E10000034,Worcestershire,E12000005,West Midlands,2016,583491,5810773,55258490
E10000034,Worcestershire,E12000005,West Midlands,2017,588370,5860706,55609517
E10000034,Worcestershire,E12000005,West Midlands,2018,592057,5900757,55966230
E10000034,Worcestershire,E12000005,West Midlands,2019,595786,5934037,56275016
E08000034,Kirklees,E12000003,Yorkshire and The Humber,2015,432855,5390211,54777305
E08000034,Kirklees,E12000003,Yorkshire and The Humber,2016,435236,5425370,55258490
E08000034,Kirklees,E12000003,Yorkshire and The Humber,2017,437145,5450130,55609517
E08000034,Kirklees,E12000003,Yorkshire and The Humber,2018,438727,5479615,55966230
E08000034,Kirklees,E12000003,Yorkshire and The Humber,2019,439787,5502967,56275016
E08000035,Leeds,E12000003,Yorkshire and The Humber,2015,773213,5390211,54777305
E08000035,Leeds,E12000003,Yorkshire and The Humber,2016,781087,5425370,55258490
E08000035,Leeds,E12000003,Yorkshire and The Humber,2017,784846,5450130,55609517
E08000035,Leeds,E12000003,Yorkshire and The Humber,2018,789194,5479615,55966230
E08000035,Leeds,E12000003,Yorkshire and The Humber,2019,793139,5502967,56275016
E08000036,Wakefield,E12000003,Yorkshire and The Humber,2015,334017,5390211,54777305
E08000036,Wakefield,E12000003,Yorkshire and The Humber,2016,337094,5425370,55258490
E08000036,Wakefield,E12000003,Yorkshire and The Humber,2017,340790,5450130,55609517
E08000036,Wakefield,E12000003,Yorkshire and The Humber,2018,345038,5479615,55966230
E08000036,Wakefield,E12000003,Yorkshire and The Humber,2019,348312,5502967,56275016
E08000037,Gateshead,E12000001,North East,2015,201724,2624579,54777305
E08000037,Gateshead,E12000001,North East,2016,202628,2636589,55258490
E08000037,Gateshead,E12000001,North East,2017,202419,2644727,55609517
E08000037,Gateshead,E12000001,North East,2018,202508,2657909,55966230
E08000037,Gateshead,E12000001,North East,2019,202055,2669941,56275016
E09000002,Barking and Dagenham,E12000007,London,2015,203101,8660243,54777305
E09000002,Barking and Dagenham,E12000007,London,2016,208182,8762413,55258490
E09000002,Barking and Dagenham,E12000007,London,2017,210711,8817347,55609517
E09000002,Barking and Dagenham,E12000007,London,2018,211998,8899375,55966230
E09000002,Barking and Dagenham,E12000007,London,2019,212906,8952268,56275016
E09000003,Barnet,E12000007,London,2015,378778,8660243,54777305
E09000003,Barnet,E12000007,London,2016,384774,8762413,55258490
E09000003,Barnet,E12000007,London,2017,387803,8817347,55609517
E09000003,Barnet,E12000007,London,2018,392140,8899375,55966230
E09000003,Barnet,E12000007,London,2019,395869,8952268,56275016
E09000004,Bexley,E12000007,London,2015,242387,8660243,54777305
E09000004,Bexley,E12000007,London,2016,245095,8762413,55258490
E09000004,Bexley,E12000007,London,2017,246124,8817347,55609517
E09000004,Bexley,E12000007,London,2018,247258,8899375,55966230
E09000004,Bexley,E12000007,London,2019,248287,8952268,56275016
E09000005,Brent,E12000007,London,2015,323443,8660243,54777305
E09000005,Brent,E12000007,London,2016,326427,8762413,55258490
E09000005,Brent,E12000007,London,2017,329102,8817347,55609517
E09000005,Brent,E12000007,London,2018,330795,8899375,55966230
E09000005,Brent,E12000007,London,2019,329771,8952268,56275016
E09000006,Bromley,E12000007,London,2015,325303,8660243,54777305
E09000006,Bromley,E12000007,London,2016,327580,8762413,55258490
E09000006,Bromley,E12000007,London,2017,329391,8817347,55609517
E09000006,Bromley,E12000007,London,2018,331096,8899375,55966230
E09000006,Bromley,E12000007,London,2019,332336,8952268,56275016
E09000007,Camden,E12000007,London,2015,243837,8660243,54777305
E09000007,Camden,E12000007,London,2016,249162,8762413,55258490
E09000007,Camden,E12000007,London,2017,253361,8817347,55609517
E09000007,Camden,E12000007,London,2018,262226,8899375,55966230
E09000007,Camden,E12000007,London,2019,270029,8952268,56275016
E09000008,Croydon,E12000007,London,2015,380070,8660243,54777305
E09000008,Croydon,E12000007,London,2016,383301,8762413,55258490
E09000008,Croydon,E12000007,London,2017,384837,8817347,55609517
E09000008,Croydon,E12000007,London,2018,385346,8899375,55966230
E09000008,Croydon,E12000007,London,2019,386710,8952268,56275016
E09000009,Ealing,E12000007,London,2015,344285,8660243,54777305
E09000009,Ealing,E12000007,London,2016,344802,8762413,55258490
E09000009,Ealing,E12000007,London,2017,342736,8817347,55609517
E09000009,Ealing,E12000007,London,2018,341982,8899375,55966230
E09000009,Ealing,E12000007,London,2019,341806,8952268,56275016
E09000010,Enfield,E12000007,London,2015,328738,8660243,54777305
E09000010,Enfield,E12000007,London,2016,332127,8762413,55258490
E09000010,Enfield,E12000007,London,2017,332705,8817347,55609517
E09000010,Enfield,E12000007,London,2018,333869,8899375,55966230
E09000010,Enfield,E12000007,London,2019,333794,8952268,56275016
E09000011,Greenwich,E12000007,London,2015,274542,8660243,54777305
E09000011,Greenwich,E12000007,London,2016,279139,8762413,55258490
E09000011,Greenwich,E12000007,London,2017,282849,8817347,55609517
E09000011,Greenwich,E12000007,London,2018,286186,8899375,55966230
E09000011,Greenwich,E12000007,London,2019,287942,8952268,56275016
E09000012,Hackney,E12000007,London,2015,268626,8660243,54777305
E09000012,Hackney,E12000007,London,2016,273239,8762413,55258490
E09000012,Hackney,E12000007,London,2017,275929,8817347,55609517
E09000012,Hackney,E12000007,London,2018,279665,8899375,55966230
E09000012,Hackney,E12000007,London,2019,281120,8952268,56275016
E09000013,Hammersmith and Fulham,E12000007,London,2015,182183,8660243,54777305
E09000013,Hammersmith and Fulham,E12000007,London,2016,181783,8762413,55258490
E09000013,Hammersmith and Fulham,E12000007,London,2017,182998,8817347,55609517
E09000013,Hammersmith and Fulham,E12000007,London,2018,185426,8899375,55966230
E09000013,Hammersmith and Fulham,E12000007,London,2019,185143,8952268,56275016
E09000014,Haringey,E12000007,London,2015,268251,8660243,54777305
E09000014,Haringey,E12000007,London,2016,272078,8762413,55258490
E09000014,Haringey,E12000007,London,2017,271224,8817347,55609517
E09000014,Haringey,E12000007,London,2018,270624,8899375,55966230
E09000014,Haringey,E12000007,London,2019,268647,8952268,56275016
E09000015,Harrow,E12000007,London,2015,246818,8660243,54777305
E09000015,Harrow,E12000007,London,2016,248697,8762413,55258490
E09000015,Harrow,E12000007,London,2017,248880,8817347,55609517
E09000015,Harrow,E12000007,London,2018,250149,8899375,55966230
E09000015,Harrow,E12000007,London,2019,251160,8952268,56275016
E09000016,Havering,E12000007,London,2015,249375,8660243,54777305
E09000016,Havering,E12000007,London,2016,253371,8762413,55258490
E09000016,Havering,E12000007,London,2017,256039,8817347,55609517
E09000016,Havering,E12000007,London,2018,257810,8899375,55966230
E09000016,Havering,E12000007,London,2019,259552,8952268,56275016
E09000017,Hillingdon,E12000007,London,2015,296056,8660243,54777305
E09000017,Hillingdon,E12000007,London,2016,299899,8762413,55258490
E09000017,Hillingdon,E12000007,London,2017,302343,8817347,55609517
E09000017,Hillingdon,E12000007,London,2018,304824,8899375,55966230
E09000017,Hillingdon,E12000007,London,2019,306870,8952268,56275016
E09000018,Hounslow,E12000007,London,2015,266412,8660243,54777305
E09000018,Hounslow,E12000007,London,2016,268270,8762413,55258490
E09000018,Hounslow,E12000007,London,2017,269100,8817347,55609517
E09000018,Hounslow,E12000007,London,2018,270782,8899375,55966230
E09000018,Hounslow,E12000007,London,2019,271523,8952268,56275016
E09000019,Islington,E12000007,London,2015,227507,8660243,54777305
E09000019,Islington,E12000007,London,2016,232055,8762413,55258490
E09000019,Islington,E12000007,London,2017,235000,8817347,55609517
E09000019,Islington,E12000007,London,2018,239142,8899375,55966230
E09000019,Islington,E12000007,London,2019,242467,8952268,56275016
