Area code,Area name,ow_obs,hyp_ten,low_bw,alc,Li.2.1.n,smoke,Li.2.3.g,activity,eating,Li.2.6.c,sti_screen,teen_preg,in_eet,Li.3.2.b,pupil_abs,ey_dev,training,Li.3.8.a,Li.3.9.a,ks4_dev,low_pay,pov_child,unempl,Li.4.3.d,wp_safety,Li.5.3.b,incare_child,avoid_mort,suicide,inf_mort,dementia,disability,kidney,frailty,cancer,diab,srwb_sat,srwb_worth,srwb_hap,srwb_anx,depres,Pe.3.2.b,semh_child,self_harm,Pe.3.2.f,air_poll,Pl.1.3.a,road_safety,road_traff,Pl.2.2.a,Pl.2.4.a,rough_sleep,house_afford,GP_dist,pharm_dist,sport_dist,crime_pers,hle,Pe.1.1.combined.b,musculo,resp,cvd,ow_obs_child,drug,can_screen,vac
E06000001,Hartlepool,71.0220239127277,16.97,3.06345733,920.9208644399008,38.423628861157,19.2,114.51618909999998,60.872458799034796,49.58656690175779,37.5,569.0459595,33.2268370607029,3.4,25.8,12.2934,69.59064327485379,12.0,0.68,65.0,58.5,32.6,20.2,10.1,1.2,365,52.8,129.0,335.2,11.3,3.50653490596111,0.92,28.5,4.73,732.9300686,2.8,6.87,7.49,7.81,7.47,2.79,9.67,0.9,15.18,215.49963030000004,225.651109,7.1427,43.1,250.57,0.004436218,12.6,5.87,4.30019673400058,3.75,0.85,0.85,0.4,106.5051226,57.195061224050995,78.81543878132425,0.5800000000000001,4.965,2.0180000000000002,31.482919848788,102.0,69.19479210557668,87.3231551941119
E06000002,Middlesbrough,65.3695373086002,13.46,2.884615385,878.087367897269,45.5868792672945,18.6,171.046203,59.261464837523,56.266986269612104,37.5,651.1093139999998,43.81114419396,3.4,39.7,15.561370000000002,63.163317877382795,13.2,0.71,61.0,57.9,26.4,27.3,7.9,1.2,209,50.0,137.0,367.7,15.3,4.67775467775468,0.79,25.4,3.49,646.203096,2.22,6.93,7.63,7.84,7.39,2.99,8.86,0.93,17.44,330.1766209,614.7739376000002,7.744,40.5,262.87,0.014753991,15.4,7.65,4.266241938580337,4.44,0.63,0.63,0.47,121.9434154,57.846983411429264,77.8253393439942,0.59,4.395,1.798,32.335978498119005,115.0,66.72404843047322,89.76196952189646
E06000003,Redcar and Cleveland,67.733710095459,16.91,2.77992278,708.3754598764549,59.581712062256784,15.0,125.91209109999998,64.6778871212387,54.1000525335363,37.5,519.8470459,24.82435597189701,4.8,29.2,12.26789,68.8477127967574,19.0,0.67,69.0,60.1,26.9,18.0,6.9,1.0,429,52.6,86.0,293.9,9.9,3.48837209302326,0.95,23.8,3.44,526.3924082,3.25,7.69,7.72,7.91,7.6,2.73,12.38,1.04,17.75,253.9463131,541.5204371,7.3494,48.9,228.31,0.002468927,12.1,7.13,0.7352670857689055,4.63,0.71,0.71,0.48,76.57071431,60.13602588140142,79.652653211279,0.545,4.93,2.19,31.858014943314,58.0,72.18255893176155,92.61224188250864
E06000004,Stockton-on-Tees,65.86613638273249,14.91,3.9074550130000003,912.680016807822,71.2924073586163,15.0,139.3467284,62.4828565253496,56.846763235973995,37.5,511.455658,28.3349251830627,4.2,32.0,11.58261,69.3030540328896,14.3,0.46,64.0,63.1,21.2,16.2,5.6,0.8,372,51.3,101.0,272.0,9.2,3.72245384157236,0.98,23.0,4.08,615.7828731000002,2.71,6.78,7.79,7.98,7.56,2.79,13.55,0.78,15.0,247.8308293,365.6043747,7.3402,44.6,234.85,0.004736593,11.3,10.34,1.0178790454330309,5.33,0.76,0.76,0.47,75.21617206,58.781743321441105,79.77436115366412,0.57,4.59,1.9480000000000002,30.916935195130506,85.0,71.51510691582988,89.58208925719437
E06000005,Darlington,65.0052059042674,15.82,2.034883721,737.216684064554,50.19857967548101,14.4,131.98983629999998,63.7748533070761,51.557875058481905,37.5,821.8804932,23.3236151603499,3.3,17.6,13.55187,72.24770642201841,17.3,0.64,61.0,62.7,25.9,17.7,6.0,0.9,245,46.3,97.0,259.6,13.7,2.8506271379703505,0.98,21.1,4.48,713.7571698,3.05,7.52,7.74,7.87,7.54,2.79,11.76,1.06,14.82,227.75407059999998,521.1483737,6.8415,45.9,396.28,0.002670738,12.2,15.3,2.8209540466585805,4.74,0.76,0.76,0.48,102.6357114,62.549033823239014,80.40311997517558,0.955,4.4849999999999985,2.144,30.849803634851998,59.0,72.43057997493625,93.766461131648
E06000006,Halton,61.110465657126504,15.62,3.235294118,830.226656390656,57.6158784657715,15.0,173.4419639,65.229185018412,51.460900967849504,37.5,651.3206177000002,34.8943985307622,4.4,28.6,12.14551,60.8917197452229,17.6,0.62,56.0,54.6,19.0,16.4,4.6,0.2,296,54.4,94.0,295.6,9.5,3.5762181493071097,0.7,24.8,3.86,674.5436107,2.93,8.17,7.64,7.82,7.42,2.77,12.98,0.91,15.71,339.9805644,738.4474567999997,8.2718,39.6,356.62,0.00854522,11.8,19.36,3.13491907990125,4.8,0.68,0.68,0.44,79.3839884,58.529795054665136,79.08922136447353,0.73,4.815,2.08,32.361445248404,96.0,68.32239950124608,91.40168427132583
E06000007,Warrington,65.7135003236241,14.01,1.569620253,684.630015165224,46.3509815941747,12.5,182.576091,69.6977745327855,52.484660665767095,37.5,542.4887085,18.8734030197445,3.3,23.7,9.46686,71.0344827586207,18.2,0.46,70.0,68.3,20.6,12.9,3.7,0.2,308,47.0,85.0,231.3,8.5,3.51133869787857,0.8,19.6,3.5,611.4565856,2.77,6.83,7.86,7.99,7.65,2.83,11.53,0.89,12.2,311.4061081000001,776.9203073,7.9613,45.9,266.47,0.009972686,9.8,7.5,1.9074505016594816,6.25,0.77,0.77,0.45,65.89764621,64.44671680082402,80.6627679967955,0.635,4.025,1.7920000000000005,26.200963812364503,63.0,71.81571027126991,92.88650657060758
E06000008,Blackburn with Darwen,66.4467770222083,13.16,4.717498629,659.224502538848,35.521824262272396,16.7,146.1909565,60.0931998391951,58.4546418623035,37.5,581.8733521,17.5972927241963,3.1,39.4,11.43988,65.625,12.8,0.46,60.0,64.3,31.3,30.5,5.8,0.4,285,48.0,96.0,347.5,12.3,4.30004777830865,0.68,22.1,3.72,619.6570271,2.27,8.54,7.78,7.89,7.67,2.72,12.12,1.3,17.7,229.75299669999998,476.1489474,7.4365,34.5,717.52,0.003468416,16.5,8.27,1.3443389885193449,4.41,0.51,0.51,0.38,88.16175087,57.949047535826644,78.34743567337941,0.6799999999999999,4.68,1.6980000000000002,29.548607424553506,77.0,63.99552780156168,86.33309535775429
E06000009,Blackpool,63.52414827033201,17.78,5.29986053,1096.52359856933,67.32912332838039,22.3,329.2836257,60.4119728108057,51.869220399132786,37.5,1158.518433,32.8888888888889,3.5,19.3,12.175999999999998,66.68614845119811,19.3,0.5,62.0,46.9,31.0,21.8,5.9,0.7,317,48.2,184.0,407.8,14.0,6.389776357827481,1.05,28.9,7.3,717.7746715,3.18,7.99,7.46,7.73,7.3,3.0,15.88,1.58,17.94,466.51286510000006,1009.634355,6.7578,42.7,983.15,0.011207014,17.5,22.08,9.294344748695217,5.01,0.47,0.47,0.45,144.41981840000003,56.26748695216988,76.93046114248945,0.8400000000000001,5.3450000000000015,2.366,29.972765756165,162.0,61.717919120399024,90.1128665580502
E06000010,"Kingston upon Hull, City of",70.04098293076571,14.36,2.752,878.862116771123,47.0305281706911,23.1,137.5602124,61.8536878846347,47.1153090345216,38.3,907.380249,32.7203893996755,5.0,32.6,13.37369,65.0683022023975,20.9,0.58,63.0,49.1,29.2,25.8,7.2,0.9,300,49.7,124.0,361.8,14.1,4.73529690311582,0.72,21.9,3.55,796.7101169,2.42,7.19,7.64,7.8,7.59,2.89,9.22,0.92,16.68,270.84940819999997,423.1681828,8.9699,49.0,823.41,0.013308894,12.0,43.2,10.74142699857676,4.74,0.48,0.48,0.4,122.2105857,56.64796776037411,77.88374208299288,0.5700000000000001,4.37,1.618,32.0406932545825,91.0,68.59046006511095,89.64468641299256
E06000011,East Riding of Yorkshire,67.3566986681193,17.6,2.070003764,621.213498210457,31.8918229365991,10.8,75.78800677,68.88617534403029,53.5086816379564,37.5,453.03503420000004,13.518588058580502,2.0,23.3,10.39348,71.3055181695828,22.6,0.46,61.0,66.4,28.2,12.8,3.6,0.3,471,48.5,46.0,205.8,9.1,2.53748558246828,1.0,20.0,5.13,578.7377411,3.99,7.63,7.88,7.94,7.66,2.7,8.48,0.69,12.92,160.68513190000004,343.2042545,7.7998,49.8,304.77,0.000957611,8.5,1.26,2.9580460331123675,6.46,1.15,1.15,0.6,50.23945383,63.39451844489604,81.83288933062377,0.725,4.545,2.3000000000000003,25.090873893078502,47.0,75.64875229490012,93.46608806215625
E06000012,North East Lincolnshire,72.4982835144627,16.16,1.938711695,649.702289709962,34.0222019169081,20.0,136.8650304,64.7027205025056,57.52912999426521,39.0,633.0139771,33.1642606320718,5.9,22.5,11.28993,70.84796788760659,16.8,0.59,59.0,57.9,37.6,20.1,5.6,0.8,319,41.4,87.0,292.2,11.0,4.30879712746858,0.91,23.3,5.92,596.3392434,3.08,7.6,7.74,8.01,7.49,3.02,9.12,0.86,12.8,179.19927280000005,325.9413795,8.3231,42.0,602.94,0.00373434,11.5,10.55,13.764969404227095,5.19,0.64,0.64,0.43,103.1496753,60.24710935642511,79.7481773929148,0.6799999999999999,4.4350000000000005,1.9980000000000004,30.787351553933,41.0,71.306,94.88584822516934
E06000013,North Lincolnshire,69.98312285683001,16.88,2.7605245,632.122701906773,37.602466721817,20.8,82.91746529,59.9117633882264,59.8514140026764,39.4,604.2296142999999,20.129403306973398,2.9,24.8,9.89509,72.1474838066766,18.7,0.46,59.0,63.9,30.3,16.6,5.0,0.5,417,54.1,64.0,246.0,8.0,3.76506024096386,0.83,22.1,4.73,555.7016115,3.05,7.92,7.77,7.89,7.56,2.94,11.65,0.73,14.32,127.6707761,236.77883030000004,7.9973,40.1,355.35,0.0013666529999999998,9.1,9.33,8.173082536457786,5.25,1.03,1.03,0.53,73.6920149,60.80349807932561,80.81574135696522,0.525,4.2,1.9839999999999995,29.4744481690565,42.0,72.45868473589721,91.47624868837164
E06000014,York,60.4415454951345,12.17,2.417962003,723.971279187567,41.8813846349946,9.0,85.41708458,72.0255670699744,57.3217064855056,37.5,777.350708,15.5684286748733,2.6,65.2,9.83501,74.3027888446215,22.7,0.29,61.0,68.5,21.7,9.7,3.2,0.1,192,44.5,56.0,212.9,13.4,3.43819838404676,0.74,18.6,3.12,546.3239022000001,2.84,4.96,7.74,7.74,7.41,3.19,9.42,0.84,11.44,207.9050353,539.9250212000002,7.7239,60.4,455.62,0.0034220999999999995,8.9,6.91,13.931390304713132,9.09,0.62,0.62,0.42,51.82957586,64.99374384496764,81.88440885267795,0.7250000000000001,3.65,1.6840000000000002,24.938745178526503,41.0,71.73667061279106,91.13267883135487
E06000015,Derby,65.09059305924029,13.1,3.2798325189999997,810.606117404427,,18.9,91.21826848,62.55775544870401,57.6516383201798,37.5,759.7767944,22.2854433380749,5.3,31.1,13.60261,68.00799086757989,22.3,0.82,55.0,57.5,20.5,21.5,4.7,0.3,200,48.6,75.0,260.2,7.3,6.18222357352792,0.81,23.0,5.29,526.1765495,2.27,7.29,7.63,7.89,7.4,2.89,9.86,0.92,16.69,259.2416532,423.4408823,10.4569,40.2,411.09,0.014246725,10.8,6.53,14.39498276492604,5.59,0.55,0.55,0.44,71.42634827,60.44774348918821,80.61895469081911,0.665,3.92,1.588,30.108716926813504,56.0,70.94122190413088,86.97081392424509
E06000016,Leicester,56.2747847494856,12.14,4.789877993999999,708.146436351951,16.8600216771707,17.7,80.08632225,60.333531263894216,50.8239884259766,37.5,667.7713012999999,23.5068779383597,5.3,43.7,12.40523,64.4200951002688,14.2,0.57,58.0,55.6,28.0,26.1,5.6,0.3,195,43.0,83.0,294.6,8.9,5.97818946261989,0.63,22.8,2.66,692.052056,1.46,9.22,7.44,7.55,7.27,3.3,9.37,1.06,14.85,156.7872956,272.441259,10.5818,40.1,756.43,0.012617551,13.9,27.96,8.768456186004412,7.39,0.5,0.5,0.46,97.99456921,59.750155569383935,79.44930700910787,0.63,3.14,1.16,29.108355150949503,54.0,64.3263626721088,89.0554163160358
E06000017,Rutland,60.16246383084989,16.67,2.3026315790000003,497.5845902615551,,9.3,,68.14867582943789,62.030968563731896,37.5,463.2944336,6.1050061050061,0.2,34.8,4.5732300000000015,75.7425742574257,22.5,0.36,67.0,80.3,26.6,7.9,2.5,0.1,248,50.6,50.0,161.9,8.1,,0.89,14.9,4.98,754.3997582999997,3.92,6.53,7.87,8.03,7.68,3.11,8.49,0.7,14.72,138.736146,230.3189212,9.2913,48.1,139.84,0.001161146,8.0,26.73,7.5999392004863955,9.03,4.06,4.06,0.68,30.12109236,69.11553427572578,84.0622739018088,0.595,4.215,2.108,24.674871257746002,34.0,76.0808716306168,91.5075247308311
E06000018,Nottingham,61.6125474937621,10.36,3.01986755,881.09023047956,,19.4,,65.2806618353663,52.6454227562956,37.5,1004.6672970000001,26.4872819003574,5.6,56.4,12.58686,66.17760617760621,14.2,0.51,59.0,49.4,23.0,25.8,8.4,0.9,227,44.2,92.0,342.6,9.2,4.4590471720253495,0.63,23.3,2.89,551.2689624,1.82,5.72,7.42,7.64,7.21,3.09,9.27,1.02,14.44,229.52763680000004,460.9799112,10.3701,45.8,868.57,0.013239296,12.6,14.06,13.061611316823056,5.58,0.52,0.52,0.44,104.1739442,55.27363923829543,79.02230832085392,0.53,3.395,1.2240000000000002,32.894042938443505,76.0,68.49908594526502,84.78226096784302
E06000019,"Herefordshire, County of",62.7904832306509,16.58,1.796778191,528.005975195053,39.8565165404544,12.2,80.90351617,71.050816118813,68.5162732556464,39.0,469.2962341,13.180128421764099,3.3,34.1,9.73315,74.96079456351279,15.2,0.52,60.0,64.7,30.0,13.3,3.1,0.2,243,53.3,84.0,211.8,11.723092714498073,4.772814051164571,0.93,17.8,4.87,523.0839584,3.63,6.89,7.84,8.04,7.73,2.68,9.25,0.79,18.28,168.25086149999996,443.8034646,7.6488,48.3,259.39,0.000573054,12.2,7.28,5.757926309012201,8.91,4.53,4.53,0.83,48.08915364,66.95574353149324,81.719841290613,0.925,4.355,2.0780000000000003,28.8819849086435,45.0,72.36619398682055,89.44283204179413
E06000020,Telford and Wrekin,65.5655095748409,13.77,3.1007751939999997,658.697348901654,26.9276403813627,16.5,41.02438398,55.4158130226919,54.8385888980188,38.2,504.2226563,19.6204567385011,5.3,33.4,10.39628,69.672131147541,18.0,0.43,61.0,61.9,28.1,15.2,4.7,0.3,307,46.4,96.0,255.9,11.380549184107153,4.81309160917696,0.62,21.7,4.61,569.7401922,2.61,7.4,7.61,7.82,7.62,2.84,13.45,0.9,18.49,200.2794234,518.358878,7.5318,38.7,258.43,0.003332231,11.0,1.86,5.689317737016977,6.48,0.84,0.84,0.52,78.41017705,61.6541645805835,80.20943971598926,0.555,4.1400000000000015,1.626,29.659936254158,28.0,71.68418498486055,91.85895768798945
E06000021,Stoke-on-Trent,66.0085103403686,16.4,3.64618501,947.416140952579,28.7979500561266,18.9,94.33429389,54.130736002149,54.7877515202357,37.5,572.6737061000001,24.9549781322357,2.1,31.8,12.27027,66.094674556213,15.4,0.64,56.0,52.8,25.4,25.4,6.0,0.5,288,46.7,115.0,301.7,9.141082675191118,8.05263674752038,0.91,23.2,4.03,589.0502502,2.58,8.05,7.64,7.75,7.36,2.82,13.95,0.95,16.07,304.7553833,639.5000256,8.1527,36.3,479.77,0.009925582,14.7,13.01,7.439951757786497,4.14,0.58,0.58,0.49,104.0144413,59.10166028397121,78.64107597365474,0.69,4.425,1.848,31.31947452913701,78.0,68.05055325154657,89.80768896236653
E06000022,Bath and North East Somerset,53.6992008019204,12.31,2.751119642,572.276128707524,47.398306932476395,13.4,71.52750141,72.35273146918,62.8160344014167,37.5,484.5832825,13.117017604418399,2.8,48.4,10.72295,72.30531201650341,22.0,0.5,63.0,62.9,20.4,8.0,3.2,0.1,180,49.4,46.0,184.7,10.127121394212026,2.8243268687629404,0.74,17.9,3.6,567.6987915,2.72,4.9,7.67,7.76,7.45,3.08,9.08,0.8,13.8,225.5562288,549.5250888999999,8.6882,52.1,325.11,0.002232136,10.9,9.49,18.02011893278496,11.31,0.75,0.75,0.43,54.37305886,63.80507107346908,82.5747214831618,0.7,3.815,1.5740000000000005,25.542066561619002,42.0,72.3936367418983,92.38367157698393
E06000023,"Bristol, City of",55.2144329715927,10.49,2.779342723,810.4377115663609,46.356387910254,11.1,112.8970742,74.2673798364103,64.4914581132942,37.5,1009.6088869999999,14.8148148148148,4.1,41.6,13.47162,67.7060931899642,26.8,0.49,61.0,58.6,14.5,13.8,4.1,0.3,166,42.8,73.0,259.7,10.595848276821963,3.49030768404661,0.62,22.1,4.0,569.2494417,2.13,5.42,7.52,7.58,7.29,3.12,10.94,0.99,14.71,285.9477861000001,618.0249815000002,9.4864,56.1,562.11,0.01375198,11.7,21.87,18.726102444845093,9.63,0.51,0.51,0.41,101.6566068,61.350925635598756,80.74708068772698,0.975,3.785,1.3159999999999998,28.563346141535497,67.0,67.85127886347085,87.64876609492161
E06000024,North Somerset,55.0996971589044,16.01,2.892340653,663.367444889487,35.6918397591577,11.1,90.06991765,73.31302267954442,62.775428404017,37.5,594.0248412999998,12.573099415204695,2.6,32.8,11.16963,74.858528698464,21.5,0.46,59.0,67.3,26.0,9.6,2.9,0.1,318,45.5,52.0,202.9,10.235389396204873,2.9311940759025004,0.98,21.4,5.61,597.2695472,3.64,6.49,7.6,7.78,7.43,2.83,11.85,0.84,11.82,221.9913088,526.3171087000002,8.0699,46.7,207.64,0.004290839,9.5,5.83,3.2889481943674417,8.49,0.82,0.82,0.51,56.34438107,65.78958812971612,81.84685341627747,1.2000000000000002,4.44,2.1120000000000005,25.928864151046,44.0,73.45023669098866,93.11843898290304
E06000025,South Gloucestershire,60.1001247890745,14.01,2.306079665,666.7740942347609,38.0776553395258,10.5,75.60106999999998,70.1816710234409,59.065340425669,37.5,500.07312010000004,11.5020297699594,2.0,31.0,10.24066,77.2044230223986,24.2,0.38,60.0,61.7,18.4,8.0,3.6,0.2,322,45.3,31.0,178.1,7.45677427442134,3.49502224105062,0.74,18.3,5.8,577.8265183,3.05,6.25,7.81,7.85,7.54,2.69,10.05,0.58,14.28,213.6383958,526.7322878,9.4974,44.9,131.28,0.005242442,8.2,4.54,1.0751647690008497,9.46,0.76,0.76,0.47,51.71542539,65.01084267830713,82.86355334788388,0.99,4.12,1.6540000000000004,22.763459504447,35.0,75.08921641652074,92.3612900551239
E06000026,Plymouth,67.0258396979047,13.86,3.149905123,638.434793752313,47.272564664396704,18.4,103.72273359999998,67.5620894382284,55.1726216286372,37.5,988.9163818,25.1123446999736,6.7,43.1,11.6842,65.9112370160529,26.4,0.64,60.0,58.4,25.6,13.5,4.7,0.4,254,50.6,75.0,256.1,9.220171364430618,3.14500730090981,0.7,23.8,4.02,548.2761693,2.85,6.34,7.76,7.98,7.56,2.96,12.68,1.09,15.96,249.39305890000003,706.1028086,8.2137,46.4,591.31,0.011566808,13.0,7.89,9.883301022541527,6.55,0.58,0.58,0.4,75.29174744,60.04778614057096,80.60544950013305,0.745,4.505,1.812,28.980151882438,43.0,72.3588541233788,92.74439818116899
E06000027,Torbay,61.9527018839273,17.6,2.435064935,788.219791736118,60.4841360630087,14.8,148.3764298,67.0728576646686,61.640869848344,37.6,688.8121947999997,25.7966616084977,2.6,25.3,13.28106,71.71369580178941,25.1,0.69,60.0,64.8,29.8,14.3,3.9,0.4,299,43.1,112.0,253.2,15.651277631658205,3.2234068931316604,1.08,25.5,7.48,559.8159842,3.7,7.43,7.58,7.89,7.46,3.04,11.1,1.25,17.12,328.2320017,949.1785941,7.6946,46.8,582.11,0.007019995,12.6,4.74,17.74531043202437,7.98,0.58,0.58,0.43,75.04048149,62.20560012421718,80.80740127322602,1.065,4.82,2.3040000000000003,29.165501381419002,64.0,71.18625732824462,92.18564450334296
E06000030,Swindon,64.07146230857799,14.08,2.991623454,782.812738049472,33.0059680178906,17.3,124.788251,67.9494985307618,53.6985234965885,37.5,722.3539429,18.262313226342002,2.3,14.0,10.94737,69.7427652733119,17.8,0.5,62.0,58.9,18.1,11.1,4.3,0.2,211,41.4,66.0,225.2,7.762198887887808,3.397773872290569,0.61,19.3,3.55,600.4246185,2.39,7.65,7.71,7.83,7.58,2.72,10.27,0.81,17.05,375.6324498,912.167808,10.0969,49.7,290.68,0.005771138,9.1,2.26,20.42085105031244,7.95,0.65,0.65,0.42,76.36944496,62.59554144752069,81.40475578931127,0.705,4.1000000000000005,1.4580000000000002,28.8084403095515,60.0,70.28939550794473,92.81370585606248
E06000031,Peterborough,62.549797500200796,11.68,2.812838082,622.298738880321,23.198056821593298,17.6,127.7563318,61.077337382993896,57.1794949943574,38.2,757.4502562999999,22.3564954682779,4.9,17.5,11.20453,63.1795195954488,17.7,0.49,52.0,54.1,27.6,21.1,5.0,0.2,295,49.3,73.0,264.2,11.739002009581744,4.2927666881305,0.61,22.1,2.39,625.0980875,1.97,6.83,7.58,7.8,7.47,2.74,8.4,0.86,15.66,256.6925953,587.1677841,9.8026,47.1,413.72,0.00376592,11.4,1.92,15.584624511095244,7.39,0.74,0.74,0.49,102.2301095,61.10096825763898,80.34779452426677,0.415,3.27,1.208,29.991933564745498,44.0,67.61087716472767,88.59035585492835
E06000032,Luton,64.02663047525479,12.15,3.9590894089999997,717.8254305322929,11.767543937067199,14.3,107.3945379,59.8522047128522,47.8041878948253,38.1,693.3007202,16.2916989914663,3.3,34.7,12.13901,68.2402151180161,12.7,0.47,55.0,55.7,21.4,23.1,5.2,0.4,247,45.6,64.0,272.9,8.495884381359343,5.56971585008968,0.48,19.4,2.52,537.3212707,1.7,8.04,7.71,7.85,7.57,2.83,7.48,1.01,14.99,175.53432560000005,328.8685599,11.5342,39.0,884.35,0.013458949,13.9,12.33,40.529586598216696,8.77,0.54,0.54,0.4,78.59944656,61.9899691602456,80.27134045784456,0.525,3.27,1.136,32.0664316431685,62.0,65.53682161556227,84.94637054413766
E06000033,Southend-on-Sea,58.5161053611166,15.2,2.425742574,595.038410208322,,18.0,51.49768105,63.449596887259396,58.38698261592939,37.5,662.5076904,24.3393602225313,1.7,18.0,9.22555,74.08925318761379,20.8,0.58,66.0,70.6,22.8,12.9,4.5,0.4,172,47.8,73.0,243.2,9.851931797408566,3.426187993445549,0.94,23.4,3.75,655.6242443,2.68,6.68,7.63,7.92,7.54,2.98,9.97,1.24,11.66,149.2691335,269.3005298,10.3824,48.2,604.35,0.011293834,11.4,3.46,39.60221772419256,8.85,0.5,0.5,0.45,74.75468626,62.01613130335299,80.58730363900378,0.675,4.03,1.64,27.006479419759998,27.0,66.59269465374908,89.8533554260873
E06000034,Thurrock,69.3968272553122,13.81,2.1192052980000002,574.442528832577,,17.7,34.92203701,59.5404454428185,51.3252391572505,37.8,729.2897949,20.3152364273205,1.8,20.9,9.63597,75.7961783439491,14.6,0.29,62.0,59.8,24.0,14.0,4.4,0.4,363,47.2,82.0,244.5,11.505361160078586,3.07404437316226,0.55,20.6,5.21,694.6260398,2.11,6.63,7.59,7.86,7.53,3.09,9.2,0.67,13.97,122.8255953,225.3129083,11.504000000000001,40.2,268.98,0.007140105,9.1,6.43,5.281876122398676,10.19,0.69,0.69,0.55,73.72912192,61.79010293789688,80.57164982335058,0.605,3.5500000000000003,1.2639999999999998,29.463553682765003,24.0,67.90089486153076,87.36769363179233
E06000035,Medway,64.5728360792845,14.35,2.7193618560000004,499.261210840175,29.8945822625479,17.6,60.75101426,65.8190106831032,54.465781203181706,37.5,622.2474365,21.679646390233607,4.3,23.0,11.40652,73.95004117485591,25.1,0.4,58.0,59.4,23.1,16.1,4.6,0.5,309,47.7,61.0,249.8,9.694619161112296,3.68086868500966,0.56,20.6,3.67,640.7545543,2.46,7.46,7.63,7.84,7.45,3.06,11.9,0.71,16.47,168.57999980000002,441.9649067,11.8858,41.4,661.6,0.0048732540000000005,10.3,5.58,15.84923059189672,9.29,0.59,0.59,0.44,97.48717653,61.83944585326496,80.66562013716788,0.6699999999999999,3.565,1.37,29.031477528897,39.0,70.85012550887015,86.0728362960087
E06000036,Bracknell Forest,61.90452476123961,13.02,2.457757296,464.450985015784,24.8862343572241,13.3,72.80635855,72.2248782647174,54.481999124751994,37.5,436.9819336,9.033423667570007,3.5,25.9,8.23506,73.3735747820255,19.4,0.31,57.0,64.2,9.3,7.9,2.9,0.1,212,44.7,41.0,184.3,10.430240732787407,2.7919962773383,0.54,15.9,3.6,463.6317691,2.55,5.7,7.82,7.92,7.55,2.95,12.26,0.65,13.58,195.13166030000002,537.2504102999999,10.5023,47.5,286.41,0.004309075,5.8,3.91,4.984340862457113,11.9,0.78,0.78,0.43,38.49572593,68.50372745624165,83.1074549124833,0.605,3.545,1.284,24.564226445752002,35.0,72.71116502662058,92.26395263765806
E06000037,West Berkshire,62.7194752342375,13.39,1.895424837,444.82791444263603,34.3767130287742,13.1,81.30499040000002,73.6250698144391,56.1474524290946,37.5,415.0086365,11.3484646194927,1.8,27.3,8.55668,75.84297936587821,14.6,0.44,62.0,68.6,14.6,8.2,2.3,0.1,230,41.7,45.0,185.1,8.393827512637774,4.2364721740804905,0.66,16.0,4.26,551.4229228999999,2.83,5.2,7.85,8.03,7.6,2.93,9.21,0.72,14.96,217.14279590000004,529.303315,9.6918,50.1,118.2,0.002847401,7.2,2.39,12.620446385188645,11.26,1.51,1.51,0.54,46.56313694,67.56127163617776,82.86397682886043,0.74,3.975,1.4240000000000002,24.674984034303,32.0,74.11919552632655,91.45823212456185
E06000038,Reading,59.1590182610355,11.18,3.054511278,533.7566824752839,31.767642387111398,13.6,70.64639831,68.7247745031367,54.0758601810342,37.5,988.7705078,16.546457361052198,3.3,36.4,11.41789,70.4423918327662,16.2,0.4,59.0,64.9,17.4,12.6,3.4,0.3,182,41.4,72.0,257.0,8.035068875417945,2.69323996768112,0.52,14.1,3.23,546.2461099,1.88,5.2,7.67,7.87,7.6,3.05,8.36,0.88,13.39,249.1199453,517.7448418,11.0973,50.8,886.42,0.008684831,10.9,5.43,19.009658132761,11.25,0.56,0.56,0.37,88.13736011,65.89427870611682,80.8780683734478,0.52,3.25,0.98,27.883289842942,38.0,67.12721075629048,88.23086100366942
E06000039,Slough,61.905569650418606,12.27,3.4513671,608.665733081579,16.1072095870111,16.6,102.7381966,54.722318362147895,49.386567585700206,38.0,721.7584839,14.1421659843692,2.5,33.8,8.89322,71.23176661264179,29.1,0.36,63.0,72.9,15.6,16.0,3.8,0.2,230,43.8,46.0,288.4,7.74635794194214,5.2923712404801915,0.37,17.7,3.06,483.66157080000005,1.39,9.16,7.55,7.8,7.34,3.19,6.86,0.98,13.8,176.3193673,433.4802076,11.9735,33.9,643.42,0.016859251000000002,10.1,1.58,18.14906431490643,10.68,0.5,0.5,0.39,79.55339858,59.30080124758014,80.43357442460744,0.5449999999999999,3.0700000000000003,1.132,31.319114556239,47.0,63.358881249755726,88.01510213916906
E06000040,Windsor and Maidenhead,57.861686154019296,12.89,2.2957461169999998,479.271466675478,21.4854240929733,11.2,74.98548127,70.74187659125641,60.4438823893904,37.5,508.05664060000004,8.73196659073652,1.1,26.1,8.78122,76.6917293233083,21.5,0.23,66.0,72.2,14.1,7.6,2.5,0.1,191,49.7,32.0,174.3,8.499731979570704,3.5778175313059,0.81,13.4,3.76,514.5646138000002,2.86,5.15,7.75,7.9,7.51,3.08,7.84,0.73,15.51,150.88739669999995,439.0110055,10.7572,48.5,227.02,0.005985263,7.8,32.66,7.326495271080326,14.22,0.69,0.69,0.43,52.6908219,69.95320700679365,83.1114026908219,0.505,3.165,1.466,23.803157545854503,24.0,71.73456785786297,90.601750224859
E06000041,Wokingham,55.0346083070686,12.44,2.171136654,393.80042042175,21.8872021151792,8.1,63.50407712,71.2362206796784,65.73875444926911,37.5,471.12771610000004,6.87757909215956,1.3,28.2,8.46973,76.2302284710018,16.9,0.37,70.0,76.0,13.4,6.4,2.5,0.1,226,48.1,20.0,162.1,8.137364088886708,3.52897473997028,0.75,15.5,4.13,588.5013451,2.85,5.02,7.98,8.08,7.79,2.68,8.41,0.57,12.46,172.36450969999999,483.9255078,10.7093,46.7,196.62,0.005996357,6.7,1.06,6.06134076857801,13.06,1.01,1.01,0.5,34.88301612,70.71333252515456,83.58036852951872,0.685,3.695,1.3199999999999998,22.185255536262503,25.0,75.37116540906962,92.76729529380371
E06000042,Milton Keynes,65.5967803180929,12.47,3.1444582810000004,652.356047602315,23.3514845582098,13.3,92.77152929,64.1216575823611,54.9474969016327,37.5,660.9644775,17.4710635509937,2.9,21.1,10.39944,73.4235384222619,15.9,0.37,63.0,62.1,13.4,15.5,4.3,0.3,261,46.5,59.0,235.1,7.552613795058713,4.53103760761214,0.52,15.6,2.42,632.7445166,2.25,6.1,7.64,7.95,7.64,2.8,9.32,0.68,14.04,151.3704023,386.2173808,10.8614,44.3,320.29,0.005503348000000001,6.9,6.05,17.94251666224334,9.12,0.81,0.81,0.45,73.35498895,64.705676563709,81.11892187903007,0.42,3.565,1.146,28.451004026188002,27.0,70.19071539113835,91.03189957756581
E06000043,Brighton and Hove,48.2682061512529,9.85,2.4009603840000002,550.967115570294,53.4986136030011,18.0,66.79141312,78.0184893930702,66.8826588943442,37.5,1585.9217529999999,19.293410172889,3.5,60.7,11.47166,69.38555515630611,21.2,0.47,64.0,67.0,19.4,12.5,4.7,0.3,155,44.6,89.0,249.6,16.012052588696857,3.29179402774512,0.6,20.9,3.18,552.4350268999998,2.17,4.29,7.51,7.83,7.28,3.47,10.41,1.22,16.23,288.76288639999996,548.6353895,11.0322,59.7,748.36,0.011072896,11.7,14.13,61.77231004147074,11.99,0.44,0.44,0.38,75.92094532,63.74218424112024,81.04016727108673,0.4,3.505,1.19,21.928292692263998,44.0,67.22929124271344,86.35648922563006
E06000044,Portsmouth,64.0734045771128,11.72,2.9689608639999996,579.942721223275,43.2021100820082,15.2,79.27883901,66.6136658800575,59.5436282405243,37.5,926.9980469000001,25.531914893617,3.8,45.6,12.84582,70.9245742092457,21.0,0.45,57.0,57.7,21.2,17.6,4.1,0.3,202,43.1,81.0,277.9,13.015096403189707,3.25013000520021,0.67,22.9,3.05,614.5578982000002,2.34,5.97,7.73,7.89,7.53,3.07,9.5,0.91,15.58,302.67951850000014,570.5578304,11.7859,52.4,652.18,0.020537141,12.1,13.48,19.560539870900442,8.15,0.44,0.44,0.38,111.9328608,62.0787069551691,80.1136243817472,0.725,4.17,1.436,30.067400361427,49.0,66.49905044185441,93.83549702032178
E06000045,Southampton,62.69734935831801,10.5,2.82216933,719.073721337663,41.5583022763225,17.4,109.4630625,65.22956047553761,55.5820533838747,37.5,1128.074341,26.3476680799515,3.2,55.8,11.17218,70.2176781002639,21.5,0.46,62.0,57.0,17.0,18.1,4.2,0.2,204,47.2,108.0,274.5,13.329159930297642,4.66272925085483,0.57,20.7,2.62,586.3188581,1.95,5.69,7.73,7.71,7.44,2.78,10.09,1.13,19.44,323.34227660000005,555.6146194,10.7451,49.1,721.47,0.014550933,11.5,9.84,11.491565587119934,7.93,0.56,0.56,0.39,107.073653,61.20407276934843,80.30825411417861,0.5449999999999999,3.92,1.264,29.11528729403901,72.0,65.67936727284378,92.51897902761593
E06000046,Isle of Wight,64.1192870156865,17.83,1.895306859,476.456337387515,68.76760516815,14.1,100.3029979,68.0892588665392,67.3560517540538,37.5,489.15304569999995,18.8501413760603,1.2,20.7,11.8123,71.17647058823529,22.8,0.69,55.0,54.0,30.5,17.5,4.2,0.3,224,51.6,90.0,219.7,10.869108571393756,2.9989094874591102,1.26,26.8,4.01,565.5037767000001,3.81,7.2,7.85,7.98,7.63,2.79,9.22,1.18,17.89,188.1222227,453.3271348,9.1471,49.6,730.05,0.001120556,11.0,3.87,6.383703115247121,7.94,0.96,0.96,0.54,60.94308574,62.317715485445156,81.74207427793225,0.8400000000000001,4.645,2.166,28.888936977727,47.0,71.4245472059902,86.35757652876259
E06000047,County Durham,67.7008348798405,16.53,3.114789806,706.851932295341,53.148376981437906,14.3,91.87926146,66.73248608635829,57.1290016192118,37.5,570.3713989,23.7252588805872,4.8,31.1,10.89257,71.9288888888889,13.5,0.64,65.0,57.6,28.1,16.8,5.5,0.5,326,46.3,81.0,269.0,12.0,4.26969156257966,0.93,25.2,4.27,679.9902715,3.0,7.63,7.8,8.01,7.57,2.8,11.51,0.96,14.52,186.101009,350.1074191,6.382999999999999,50.4,307.13,0.001227229,11.8,6.74,2.4825173489770123,3.7,1.03,1.03,0.49,80.08410005,58.79833862300492,79.87575134342381,0.765,4.825,2.258,30.9053594235955,55.0,73.2765874513144,95.60872727193424
E06000049,Cheshire East,59.3716031518437,15.69,2.362653003,610.097331268253,38.445731860906,16.4,123.022337,69.1748147421428,62.0189921585784,37.5,511.6568298,15.795473049991903,2.2,25.3,9.39929,71.7477309750989,13.5,0.39,64.0,70.3,22.9,10.7,3.0,0.2,265,51.0,57.0,204.5,8.6,3.39041989046336,0.99,16.3,4.85,577.2230622999998,3.33,6.5,7.8,8.08,7.61,2.6,10.78,0.88,10.05,204.55342019999998,545.3851543,7.0862,48.3,266.54,0.0025572570000000003,10.5,5.37,5.5431494591469885,7.05,0.96,0.96,0.55,56.901749,68.53378681575099,82.03589849173542,0.85,3.94,2.0040000000000004,24.442718181876,43.0,72.74742579935177,93.56011501233377
E06000050,Cheshire West and Chester,59.1261597836539,15.07,2.4129505190000002,616.512374304219,34.4800015990725,12.7,87.77718687,68.434919875579,54.8426951654679,37.5,558.4888306,17.331022530329303,2.0,33.4,10.58737,70.5310396409873,15.5,0.47,59.0,62.5,23.5,12.2,3.8,0.1,261,50.1,73.0,225.4,9.2,3.27439423706614,0.84,17.1,4.11,600.3145482000001,3.34,6.75,7.88,8.07,7.67,2.54,9.95,0.91,14.94,206.5317337,484.9188412,7.0651,47.7,270.42,0.0027995470000000003,10.9,14.59,5.325664376630985,6.74,0.8,0.8,0.54,59.40186872,65.97823400969271,81.3850674288284,0.995,4.26,1.97,26.672666812124,37.0,73.09823962911977,93.5143145628088
E06000051,Shropshire,70.3135260361609,16.4,2.374464772,629.579537755428,25.2095191144176,14.0,61.36745588,68.24575159807979,65.3972565569972,38.9,331.6784058,14.9734647460197,2.8,23.1,9.75573,71.16263879817109,16.6,0.52,62.0,66.1,31.4,12.5,3.4,0.2,311,49.2,49.0,200.6,8.00002984026729,4.10076157000586,1.11,20.5,5.64,515.5784269999998,3.67,6.79,7.72,7.97,7.53,2.89,10.71,0.78,13.9,153.37376640000005,399.9241954,6.8561,48.8,264.86,0.000657759,11.8,4.36,4.095016994320527,7.72,1.72,1.72,0.82,47.710098,64.95345446183603,81.91151487278673,0.8600000000000001,4.285,2.14,27.05475427350349,24.0,74.92757102771218,92.32693768340464
E06000052,Cornwall,64.3086288564357,15.17,2.9589497810000003,710.4914569565691,38.771687912926296,14.8,109.3120011,68.98964253172879,64.1629793329204,37.6,534.2198486000002,17.3290203327172,3.2,32.5,11.40018,68.90506119748589,19.1,0.55,59.0,60.0,31.5,14.0,3.1,0.2,297,45.5,38.9711613406079,213.1,14.570440438957574,3.83985899534181,0.78,22.3,5.15,591.5430607000002,3.29,6.42,7.91,8.01,7.71,2.59,9.54,0.87,13.44,244.13237909999998,537.8463874,6.7748,45.1,332.16,0.000974655,13.2,5.63,12.11367616224488,8.83,1.49,1.49,0.6,44.7974433,63.822903398776866,81.60010118482442,0.85,4.43,2.214,28.122358484029004,56.0,72.90536189015933,88.10578188735344
E06000054,Wiltshire,62.2205140779835,15.35,2.101220063,561.594822129436,42.2203457624106,14.0,114.528792,69.2561307618252,62.8361815018914,37.5,486.2343445,9.459301646619169,2.2,21.4,10.22672,70.6040028591851,25.7,0.48,59.0,64.3,21.0,8.1,2.8,0.1,271,49.3,42.0,185.0,8.948511580809281,2.73205837275938,0.93,17.5,4.19,563.7841583,3.47,6.52,7.78,7.97,7.54,2.91,9.21,0.82,15.02,243.61661949999998,622.8304694,8.8436,48.0,243.52,0.001178178,9.3,5.62,6.249458212292079,9.21,1.55,1.55,0.59,44.7461208,67.71752287604099,82.41649211862679,0.7949999999999999,4.16,1.892,24.91428706332449,49.0,73.87933816639372,92.92737220405864
E06000055,Bedford,60.183176278746785,13.64,2.81124498,527.34245187948,23.2987591253473,16.2,103.9478476,64.3011609707058,61.2977666402637,37.5,589.5213012999999,21.04899930986889,4.2,36.2,10.76549,66.7099005620406,22.5,0.48,53.0,61.3,20.8,13.6,4.2,0.6,343,43.9,69.0,223.0,9.60727464390518,4.11773676986427,0.61,17.9,3.56,569.8339057000002,2.68,7.14,7.92,7.9,7.69,2.64,10.35,1.07,14.62,194.27825090000002,452.9611776,10.3706,45.1,462.2,0.001907404,11.1,4.06,44.72903620697773,10.19,0.86,0.86,0.49,67.27600169,64.11025472009041,81.56880032016574,0.7150000000000001,3.93,1.4380000000000002,26.800097446967502,56.0,69.43771084082053,92.68668785555813
E06000056,Central Bedfordshire,64.1922871616107,14.19,2.688728025,538.6539430519,20.9180836833443,15.8,108.7624526,70.84848806031279,57.0490065599347,37.5,411.39328,16.0,3.0,24.7,10.55821,71.7110683878055,14.2,0.37,58.0,65.5,26.7,8.8,2.8,0.1,356,42.6,50.0,180.9,7.352888765356535,2.64173948384475,0.63,20.3,3.46,516.9067639,2.93,6.19,7.77,7.86,7.45,3.06,9.71,0.72,13.98,156.30450180000003,416.5601842,10.4408,47.8,340.24,0.002969198,8.4,2.74,4.642359747169946,9.58,1.06,1.06,0.49,51.46591437,67.00783344641647,82.91958361604115,0.5700000000000001,4.1000000000000005,1.504,25.2617399250075,40.0,73.44916096998341,93.78339991645176
E06000057,Northumberland,63.7734539421465,17.57,2.846832398,876.855353978309,45.15207784218221,13.0,128.3658822,67.2430096634225,60.369893612386505,37.5,471.321106,20.33420575800281,3.9,20.4,10.34474,74.8707639287766,15.5,0.66,61.0,60.1,30.1,15.6,5.0,0.7,346,47.3,69.0,228.8,10.0,2.61282660332542,1.0,20.5,5.87,522.9712199,3.67,7.87,7.63,7.83,7.47,3.0,11.2,0.97,14.28,322.3556021,720.5134993,6.0585,46.5,285.86,0.000385139,11.1,2.43,0.6269002915086355,5.28,1.29,1.29,0.6,65.08165376,65.0512284111212,81.09053756699998,1.075,4.96,2.452,29.8050169597125,70.0,75.55122943808081,92.43349121453957
E06000058,"Bournemouth, Christchurch and Poole",59.19220246148732,14.01,3.21701199563795,753.2,54.8,12.7,132.11,68.85219646741771,63.2863873354077,37.64767438921438,723.3726196,19.09307875894989,2.9850226428105597,42.3,10.628016237414016,73.94537006266148,20.2,0.55,60.71817671709997,68.84583786188384,18.70676274776437,9.9,3.4,0.2,212,45.77653791517928,65.13340448412816,217.9,12.284431602596367,2.907681124,1.0,17.2,5.65,587.89,3.43,6.04,7.639651550154432,7.9112809184153186,7.587766443061588,2.8494410547015203,9.96,1.07,14.863989166434267,317.6,784.39,9.39491512089334,48.107088803401076,605.0073713282325,0.003453875366557679,10.637260604851887,4.974458497847375,16.681916297221196,9.91,0.6209628498779187,0.6209628498779187,0.4933119670001365,70.2704594254505,64.45258493875714,81.6027881091437,0.77,4.16,2.032,25.423535265,53.19166005287661,71.58544390297955,92.6049548364423
E06000059,Dorset,61.616118858651255,17.59,2.58224266006367,526.23,47.36,12.4,85.36,69.8478704020832,64.7861218484264,37.5,793.8593139999997,12.953809442645301,2.9,26.3,11.20274,68.8289601554908,18.8,0.51,57.0,62.9,25.81955893998416,10.3,2.5,0.1,317,55.1,63.0,183.4,11.345885699426026,3.915171289,1.06,22.8,5.9,546.62,4.37,6.83,7.670671881957388,7.886446989876043,7.55380942858438,2.6786637817256853,9.79,0.89,16.24,252.38,578.96,8.426303890404238,49.2171653988391,306.67,0.001080207,9.829039948828283,4.185315108261763,6.665760123289899,10.14,1.5122143921759972,1.5122143921759972,0.6504095709650154,44.47484735,65.01544456620566,82.83971459881454,0.99,4.74,2.502,24.49462208,41.0,75.32019345340153,93.6233795016927
E06000060,Buckinghamshire,57.8133713566405,,2.5574977000000003,529.001517068252,22.9402897030871,9.502637530368453,64.76796519,69.5876834118474,60.4760252360729,37.5,577.361328125,10.596301682942,1.5,40.1,10.33734,73.5267034990792,24.4,,64.0,71.9,16.8,10.32681697573136,2.7,0.2,241,45.5,37.0,166.45892188730363,7.288061031828987,4.07623664206236,,15.3,,552.6261652000002,,,7.78,7.93,7.7,2.85,,,11.69,132.4676687,375.9452359,10.5726,46.7,181.75,0.00273884,8.0,2.19609086500802,6.717445579361023,12.21,1.1188849786721102,1.1188849786721102,0.5091826361495602,48.763057034844884,69.56492112599315,83.32984225198629,0.72,,,22.608130311426,26.0,72.99866890884691,92.15920345541667
E08000001,Bolton,59.8268843449734,13.9,3.7115268560000003,677.194139454454,48.42711718863111,16.1,102.0314974,60.2844439071799,52.8996572624265,37.5,507.47250369999995,21.716649431230607,3.6,27.0,11.25402,66.1294202549916,13.8,0.44,61.0,61.0,24.8,27.6,5.3,0.5,286,44.2,87.0,297.1,11.9,3.89139471124082,0.77,25.1,5.63,652.5056557999999,2.36,8.17,7.7,7.98,7.4,2.98,10.04,0.99,13.78,208.369431,453.199825,7.9670000000000005,37.0,332.68,0.010192358,13.5,9.81,5.968828670039638,4.89,0.55,0.55,0.4,100.8310716,61.13527191525667,79.71599049200705,0.53,4.3100000000000005,1.604,28.8231607891675,63.0,70.10535970971023,93.6140590995625
E08000002,Bury,64.2817123894404,14.35,2.921914358,569.776887574681,27.2237951526088,16.3,70.34265472,63.58395132003611,53.302899072495,37.5,619.0388184,17.0239596469105,3.6,26.9,12.3275,68.6819830713422,17.0,0.53,63.0,62.6,27.1,18.8,4.2,0.3,335,46.0,82.0,271.8,8.0,4.01894646189178,0.94,21.4,4.77,673.7546995,2.54,7.41,7.62,7.88,7.57,3.01,6.93,1.06,15.78,193.7407327,452.2342669,7.8191,44.5,229.59,0.010991971,11.7,23.32,5.2734828189929726,5.85,0.71,0.71,0.41,80.21494716,61.839466745417326,79.8766400531567,0.655,4.235,1.6860000000000004,30.062425471159997,38.0,70.99281547462381,85.04249771256816
E08000003,Manchester,62.184786950017994,10.21,3.43047966,734.171494545584,40.9864633143271,22.0,81.90803731,65.05768999726051,51.0529310571877,37.5,1314.0119630000004,23.4741784037559,3.6,51.9,11.11644,66.2314210306987,20.4,0.48,60.0,53.6,15.3,28.1,5.6,0.4,202,41.8,97.0,402.4,9.3,6.43539038527105,0.47,20.6,2.77,650.9015048,1.68,6.4,7.42,7.69,7.41,2.85,10.87,1.28,15.62,184.0570696,294.3935083,8.1876,46.9,558.79,0.016309999999999998,17.9,10.33,17.231865752766723,6.49,0.47,0.47,0.44,142.89982969999997,56.351904212824536,77.57587997088916,0.585,3.87,1.212,32.5576723036575,51.0,60.1704317590345,86.05634356036396
E08000004,Oldham,66.3535284417474,13.6,3.859527121,640.767856352799,28.93781207444389,16.6,95.28760195,61.3868091029827,48.13881793585871,37.5,605.4118652000002,25.7220216606498,3.5,35.9,13.28929,63.7170760580053,14.0,0.6,57.0,58.5,30.2,32.5,5.8,0.4,342,46.0,84.0,314.9,8.3,5.9064971468615495,0.77,23.0,3.77,490.66222760000005,2.46,8.21,7.55,7.82,7.41,2.71,11.3,1.03,14.01,189.72626359999998,378.989512,7.9156,37.7,448.5,0.005388274,12.9,24.41,0.8555820310661836,4.92,0.61,0.61,0.41,101.2410217,59.437371395325954,79.07748578664349,0.6599999999999999,4.545,1.6220000000000003,28.810814450609502,43.0,68.66284987469922,91.0594888664518
E08000005,Rochdale,68.75233313743071,14.31,4.378148005,641.03576152507,43.3923771898578,17.8,92.59291503,60.766799055306386,52.510961031311,37.5,617.137085,22.857142857142897,3.7,27.5,10.90323,63.8297872340426,14.4,0.63,56.0,55.3,29.0,25.5,6.0,0.4,353,50.1,89.0,327.5,8.4,4.8141513658755,0.65,24.2,4.42,635.2826963,2.6,8.48,7.56,7.81,7.48,2.82,15.57,1.19,13.53,193.6028507,416.558796,7.6808,40.9,272.16,0.00706378,13.6,19.58,3.6620143825614884,4.86,0.63,0.63,0.45,99.15819444,58.613773751596405,78.92341537771391,0.7,4.665,1.7860000000000005,30.9563926617545,56.0,69.2012298554059,90.78193457067673
E08000006,Salford,64.0368259175932,12.58,3.0895334169999997,802.784251270125,60.8494584398199,21.2,112.3557822,65.5614989796055,49.3885590979988,37.5,1146.865845,30.6523447733822,6.0,42.3,12.64356,67.58952753535961,20.5,0.46,61.0,53.2,16.5,21.0,4.7,0.4,262,41.1,95.0,328.9,12.3,4.71654489965782,0.73,21.0,3.39,714.0627910000003,2.09,6.38,7.67,7.76,7.38,3.05,9.3,1.06,18.17,334.10271889999996,581.9376275000002,8.2566,45.2,253.6,0.01557862,12.8,3.69,19.496124647876112,6.18,0.58,0.58,0.4,95.76973883,58.048924530103605,78.88494342145052,0.55,4.065,1.6580000000000001,30.285297457097002,76.0,65.4058379953215,87.89547925135695
E08000007,Stockport,61.0753823572419,14.88,2.282793867,689.4921764452472,61.4605156270041,14.3,103.4815777,72.2126896900437,61.8763379476064,37.5,537.6911011,16.139307708643,2.2,32.3,11.19899,71.561135371179,21.2,0.52,64.0,67.2,25.6,12.6,3.9,0.3,223,40.9,53.0,227.1,9.0,5.148005148005151,0.9,21.0,3.01,586.0004721,3.04,6.48,7.75,8.01,7.55,2.98,12.07,0.89,13.36,216.99433280000002,464.9716788,7.6770000000000005,47.9,220.38,0.010188387,10.7,16.48,3.4358947929014416,6.9,0.58,0.58,0.38,75.64465976,63.2298149770654,81.58478413990962,0.675,4.45,1.978,27.470082421936496,51.0,70.91966424674523,93.31781611109858
E08000008,Tameside,66.5597144699506,15.96,3.293650794,722.5371975109067,47.96422274314821,17.6,139.4952977,63.5838273819547,48.3659917619611,37.5,696.4042357999997,22.714833059660602,3.6,23.3,10.44273,65.9974093264249,15.4,0.56,60.0,61.5,25.7,19.9,4.8,0.3,427,47.7,105.0,311.2,12.9,4.05797101449275,0.84,26.5,2.96,671.4027086,2.6,7.77,7.66,7.86,7.45,3.07,12.38,0.91,13.28,227.31991949999997,453.8809399,8.057,40.5,386.6,0.0077733759999999985,11.8,12.62,19.186235883615407,5.71,0.63,0.63,0.4,88.81888640000004,57.84553920015706,79.17944127896341,0.63,4.7650000000000015,1.906,29.109718383997503,63.0,68.29467334274406,92.52779942115879
E08000009,Trafford,56.1033246863235,14.23,2.533222591,581.377424881685,42.4687702864215,12.7,71.63751244,67.7050183871706,58.45241497964889,37.5,738.6694336,8.56938824089502,2.3,27.8,7.744680000000002,73.04650427080041,20.0,0.4,72.0,77.7,25.3,10.7,3.8,0.2,281,45.4,70.0,221.2,7.3,3.848466626578471,0.85,18.2,4.94,592.9749244,3.19,6.61,7.76,7.86,7.6,2.84,12.64,0.96,12.21,163.3703314,379.6562271,7.7668,45.5,318.91,0.009550846,11.4,6.17,2.1232053606688943,7.81,0.53,0.53,0.4,64.74077786,64.66396368469552,81.79189105408653,0.765,4.5299999999999985,1.8340000000000003,26.3778531409385,34.0,71.42314135642434,91.8545095922734
E08000010,Wigan,71.22493801116279,16.07,2.305564095,736.4236309136487,58.4424832653141,15.6,164.8084608,63.3506058636052,50.1590788047774,37.5,509.103241,22.984102662325203,2.8,22.1,10.48648,69.28345626975761,13.5,0.59,66.0,62.8,29.3,16.7,3.9,0.4,293,50.0,66.0,290.8,11.2,3.98886827458256,0.78,22.2,4.82,715.8122872,2.86,7.53,7.77,8.05,7.66,2.7,11.76,0.85,14.92,333.1765272,692.4673429999997,7.5395,41.1,258.34,0.007035328,11.9,34.26,9.240720776220543,5.01,0.66,0.66,0.44,76.55321115,61.55230925612199,79.35340890189434,0.7450000000000001,4.72,2.0380000000000003,30.290254593169003,88.0,70.69678510202525,93.66470035530796
E08000011,Knowsley,74.94746686574008,15.32,2.557127312,879.555284925361,49.9210432479242,19.7,199.1997412,61.2097735660939,54.1313578608609,37.5,750.154541,27.5833676410045,6.4,23.5,16.4164,67.0618556701031,13.5,0.64,58.0,47.0,22.9,19.8,4.7,0.5,559,46.8,89.0,340.8,12.0,3.91089950688658,0.71,25.5,4.76,731.3552664,2.82,7.6,7.32,7.71,7.11,3.27,14.51,1.08,19.61,327.7105812,658.1412495,8.4637,36.8,187.14,0.012293226,13.9,8.32,0.6731287022078621,4.77,0.6,0.6,0.53,64.58669898,58.5047549811524,78.69034464189554,0.69,4.6850000000000005,1.9980000000000002,34.7195836802855,104.0,66.88528968462884,89.98069470201641
E08000012,Liverpool,61.480362955657995,13.71,2.9093621780000003,883.809005238089,45.1416726253675,15.5,106.1732182,62.65006018250939,54.9630758360779,37.5,1069.767212,28.142036245763997,6.3,34.2,14.06626,62.1024258760108,14.1,0.54,58.0,57.4,22.4,22.6,5.9,0.5,224,54.3,122.0,354.3,9.9,5.72422694876256,0.65,24.2,5.42,714.3020468,2.49,6.25,7.52,7.76,7.27,2.94,11.37,1.39,17.62,266.25437469999997,473.5040511,8.4986,46.0,561.69,0.014757246000000003,17.6,7.55,6.71347108833504,4.01,0.44,0.44,0.45,94.66197673,59.45064968090668,78.15887897239135,0.755,4.335,1.7420000000000002,32.326498611565,91.0,63.55027692135594,90.7100918271292
E08000013,St. Helens,71.3232147970135,17.72,2.3567220140000003,825.2916421730749,97.91630443734728,16.1,236.2685273,57.7760399120642,57.0460830152359,37.5,613.3764037999998,37.1438874864767,4.9,27.1,10.87494,67.08275543226999,17.0,0.51,58.0,60.2,29.0,16.9,4.5,0.4,491,44.6,117.0,300.0,17.9,3.32005312084993,0.85,25.9,4.22,613.3736082,3.1,7.73,7.62,7.82,7.39,2.72,13.44,1.09,17.92,397.9358768,797.6983293,7.9531,41.9,257.32,0.006726011,12.4,3.8,5.018652659049467,4.64,0.73,0.73,0.44,69.07896571,58.15406092644327,79.2276142998143,0.5549999999999999,5.315,2.1700000000000004,32.6490015360975,112.0,71.0651163192166,90.15557827949495
E08000014,Sefton,61.4435967589425,17.12,2.885771543,757.3796377845821,40.6095176214068,12.4,110.0609524,61.441049240050795,55.1158242207204,37.5,622.918335,17.3833485818847,3.7,29.5,11.48233,70.3358829398071,17.3,0.53,64.0,59.2,30.0,14.9,4.8,0.4,412,52.4,85.0,257.1,12.2,3.9715970634252,0.98,24.8,6.13,541.7961642000001,3.47,7.12,7.62,8.03,7.3,3.09,10.74,1.22,10.88,268.37721719999996,573.5145554,7.0517,46.5,524.03,0.005318911,13.1,1.7,3.2776258335184583,6.05,0.57,0.57,0.46,62.06366606,61.93349223748948,80.61786524587656,0.595,4.565,2.286,29.3995737855385,79.0,68.50445129637103,92.07307689476043
E08000015,Wirral,63.313214764841604,16.08,2.479072762,858.838518480267,54.195201261270114,15.9,183.7935285,67.4862913770894,63.7747383624584,37.5,661.2844238,20.544142143253698,3.2,26.8,13.06868,69.386720729853,16.9,0.69,57.0,65.2,29.5,13.9,4.3,0.3,358,51.6,113.0,277.3,10.1,4.92135482003281,0.96,24.4,5.05,577.9891253,3.24,7.23,7.67,7.91,7.58,2.64,14.43,1.11,17.14,271.5493507,549.0367826,7.1265,49.1,372.93,0.0076323380000000015,13.5,6.9,4.337104549003085,5.63,0.55,0.55,0.47,62.24674407,60.47039027745078,80.104896900829,0.815,4.6099999999999985,2.184,30.462058686291503,94.0,70.26472538648854,93.92509441788056
E08000016,Barnsley,73.1404059037209,15.68,3.0134813639999996,793.046022248016,42.756740867427396,18.2,123.9323291,60.904695039748,50.256798926444596,37.9,484.4295044,29.0666666666667,3.0,15.0,13.37362,68.54865493191629,18.2,0.55,59.0,59.1,26.8,18.3,5.2,0.5,332,44.2,58.0,264.9,10.1,2.14413341274568,0.78,25.3,4.71,667.083423,2.72,7.53,7.7,7.94,7.36,3.0,11.57,0.79,14.86,323.56345,695.2407176,7.001,37.8,382.1,0.004000320999999999,10.7,6.16,0.410945956497261,4.44,0.73,0.73,0.46,85.80551572,60.358528977854135,80.02493085834281,0.525,4.54,2.116,23.988807696672502,62.0,73.93407135514157,95.3123877494196
E08000017,Doncaster,71.4741678735389,15.39,3.06122449,777.189020063181,24.3904917732904,19.7,137.1715157,67.4393545405509,58.4369512118038,38.2,630.7724609,24.6990452469905,3.4,25.5,14.66067,70.2013422818792,19.1,0.52,54.0,58.1,31.2,20.2,5.9,0.5,389,49.5,78.0,278.7,10.7,4.5536476615121915,0.86,23.1,5.69,640.7649357999999,2.68,8.06,7.45,7.74,7.33,3.07,9.85,0.81,12.86,230.3982489,468.42018,7.8341,45.1,305.87,0.003936857,10.8,1.71,2.5894995792063185,5.29,0.73,0.73,0.51,103.3857707,61.44821227422801,79.80970479704798,0.61,4.705,1.922,29.419821467540498,67.0,72.0557452650327,90.39183137996464
E08000018,Rotherham,71.1733471659127,15.93,2.357984995,707.007438629799,22.3630703318562,16.2,75.66359955,57.9744271496615,54.8300398270934,38.0,561.0217896,22.1309605293178,3.5,28.5,12.97165,72.08687995303791,22.8,0.59,61.0,58.7,29.6,19.6,5.1,0.6,291,47.5,86.0,277.8,15.9,3.2432432432432403,0.98,24.2,4.31,589.4895283,2.71,7.35,7.48,7.84,7.39,3.3,13.42,0.92,15.77,167.3197399,325.772109,7.5985,35.3,314.52,0.00570345,10.1,6.49,0.7593735168485999,5.15,0.68,0.68,0.42,84.27906977,58.33359886093972,79.78366549596582,0.5549999999999999,4.7,1.96,30.4241942972035,34.0,73.39063702250695,93.10342835673404
E08000019,Sheffield,60.725050563354394,12.97,3.113034793,699.521723498978,17.484772482981,17.0,43.35805952,63.768828877191496,53.6777946245909,37.5,603.8359375,17.993079584775103,4.3,34.7,13.348070000000002,69.7972251867663,23.9,0.69,60.0,58.9,21.8,19.8,6.0,0.6,209,42.0,50.0,243.9,7.7,4.8457026268809,0.84,23.0,4.04,515.6591070000002,2.53,6.39,7.48,7.76,7.33,3.0,10.23,0.95,16.0,125.31440800000001,248.6625632,7.0077,44.7,570.27,0.005209199,10.7,6.87,3.4614712291165115,5.6,0.56,0.56,0.45,83.64126004,61.293754813608416,80.80832691518877,0.705,4.2,1.848,28.94139942920249,25.0,71.70043341108206,91.49046394689516
E08000021,Newcastle upon Tyne,61.87965241845721,11.92,4.200819672,837.154787855333,43.2900432900433,15.2,72.61364712,66.4698656550265,55.7837756264433,37.5,981.2942505000001,23.934897079942605,4.7,61.2,12.69612,71.02290076335879,12.6,0.67,63.0,55.2,18.5,21.4,6.8,0.5,174,54.2,94.0,303.5,9.0,2.90348418101722,0.69,24.3,4.49,634.4787021000002,2.26,5.95,7.53,7.64,7.35,3.17,8.41,1.0,15.45,267.3578289,437.8315307,6.8064,49.8,481.8,0.010079906,13.0,39.13,3.380182665071221,5.77,0.59,0.59,0.42,112.2355852,59.24539112093618,79.58361287443975,0.65,3.86,1.564,31.60582785652,61.0,68.55950976399232,90.89849728678516
E08000022,North Tyneside,62.2039230907921,15.69,2.022693636,1001.6967612444901,81.2281032827641,16.5,149.0706199,60.90047793019399,62.480760815144905,37.5,659.9282837000002,18.263377122717106,3.1,26.0,10.68074,70.2201122140699,18.1,0.71,66.0,64.6,19.8,14.6,5.8,0.5,334,49.1,73.0,275.3,12.5,2.0933014354067,0.91,22.1,5.41,706.8923059,3.29,7.35,7.62,7.91,7.49,2.73,10.42,0.94,13.65,336.6845294,655.1774903,6.9213,50.2,327.5,0.010237742,9.3,4.87,0.9781242511236202,5.62,0.59,0.59,0.42,74.67489595,62.45831038816861,80.1181451829826,1.14,4.7,2.28,30.03179205716301,76.0,72.56364925158184,94.9789839257168
E08000023,South Tyneside,71.592625723808,15.95,2.3545706369999997,1013.82841075545,106.454060542916,18.4,162.4007655,61.2237069109758,52.861017869066295,37.5,704.2773437999997,17.756604590731897,3.8,26.6,12.34656,72.0997679814385,16.1,0.61,65.0,58.1,26.9,21.0,7.6,1.2,315,46.1,93.0,285.7,7.6,2.24398204814361,0.93,25.9,6.04,616.5851775,3.15,7.42,7.54,7.77,7.3,3.09,11.63,1.0,20.33,256.66390099999995,590.912981,7.0956,42.1,458.7,0.007685075,11.2,7.38,0.6686503293102871,4.73,0.63,0.63,0.44,80.97355488,59.090782655210454,79.76144896526361,0.675,4.96,2.228,30.9564365578515,90.0,70.13193600065722,95.8499248847591
E08000024,Sunderland,67.714938539734,16.87,3.234200743,966.101858169326,92.62042188295479,22.7,99.12085226,61.46395862583761,55.4813801479601,37.5,713.9129028,25.7219121572434,4.0,24.5,12.09845,70.4587155963303,19.4,0.75,68.0,56.0,21.5,18.4,6.4,0.8,317,52.5,100.0,296.4,10.6,2.73410799726589,0.85,26.6,4.4,690.8084458,2.99,7.24,7.61,7.95,7.47,2.98,11.08,0.93,15.49,157.247326,328.2100339,7.0859,37.5,348.51,0.008288277,12.6,16.69,0.3606866030175041,4.27,0.66,0.66,0.42,94.35922222,58.52040909074515,79.20484943137754,0.5750000000000001,4.63,2.222,30.917233171939998,50.0,71.93486114737962,93.3429918280192
E08000025,Birmingham,61.2080513729089,12.06,3.799240152,680.039525228347,15.374885125148099,13.7,55.95814442,62.3687392401526,48.8900446134932,37.5,958.1635132000001,19.440198700802398,2.4,45.4,12.50369,65.8883861236802,11.9,0.63,57.0,59.4,21.0,26.8,8.3,1.4,224,46.5,64.0,284.9,7.595674251245084,7.84421932279554,0.58,18.3,3.91,611.2940097999998,1.9,8.6,7.55,7.73,7.58,2.86,9.22,1.21,16.69,163.8449964,265.5256909,10.2785,42.6,675.73,0.015053603,16.2,23.02,5.012650346532434,6.43,0.53,0.53,0.47,80.00541718,59.39488225987864,79.82251805653391,0.585,3.73,1.286,32.400391217544,40.0,63.70241632818321,84.88926576582531
E08000026,Coventry,64.3144081880842,12.82,2.90037831,787.5377257645239,32.7096689781499,15.9,55.4416191,59.306595615407,52.8982897007819,37.5,860.8633423,26.1014439096631,3.5,46.9,11.27786,66.1068702290076,15.9,0.44,58.0,57.8,21.0,18.3,5.2,0.3,238,44.6,81.0,276.9,8.755075458520746,5.114520791638871,0.56,19.4,4.21,584.6656235,2.09,6.69,7.52,7.71,7.36,2.96,9.26,0.98,15.58,199.1940794,387.7746691,10.1856,43.2,486.18,0.013387163,14.7,4.58,2.221302849653893,6.79,0.48,0.48,0.39,65.53121069,63.19632235546953,80.32486942904187,0.605,3.5,1.27,30.543749312063998,47.0,67.9905506653095,86.07594035243855
E08000027,Dudley,67.3623156345836,18.17,3.701527615,640.086649785422,34.635835894433896,13.7,98.54784276,59.91369801170871,56.365978150096595,37.9,439.98251339999996,20.442930153322,3.2,29.3,11.91559,65.38936959208901,8.9,0.48,55.0,58.8,29.9,18.2,5.9,1.0,338,47.1,99.0,242.5,9.406157211181664,5.35666458351933,0.89,25.0,6.45,594.9480181,3.21,7.93,7.47,7.54,7.14,2.57,11.87,0.88,16.84,196.0428558,462.0603194,9.1845,37.2,351.81,0.011839001000000002,11.7,16.41,3.4437525632476467,6.0,0.61,0.61,0.4,61.71517662,60.262158794561365,80.93741167557347,0.69,4.44,2.068,32.974511085897,41.0,69.68480803204655,94.13861001923605
E08000028,Sandwell,70.1081939576293,15.37,3.74479889,672.543353421431,27.11157455683,17.4,87.48613,54.1946598546414,47.2304448053414,37.5,697.9428711,28.17919075144511,2.1,27.6,10.6565,63.86028669493239,9.8,0.54,58.0,51.3,26.7,25.1,8.0,1.1,534,52.6,76.0,308.9,10.416915208028641,6.471126116620951,0.63,23.7,4.17,605.6203353,2.03,9.28,7.41,7.63,7.37,2.54,8.59,0.96,16.69,175.700213,333.9362865,10.5237,37.8,448.32,0.016658813999999997,15.2,11.67,3.0725742026669938,6.12,0.54,0.54,0.45,74.80181896,58.05763596140847,79.21687949363978,0.7,4.12,1.648,33.595031911765,49.0,64.73682368948857,87.90341566932449
E08000029,Solihull,63.437281340496206,14.93,2.61531146,680.457372739937,30.3411208876945,10.5,89.7184057,64.0063256023399,55.0559787048609,37.5,642.06073,14.945652173913,3.1,29.3,11.5955,71.67352537722908,17.7,0.45,65.0,65.0,21.9,10.6,3.9,0.4,284,39.3,83.0,198.8,9.466437461325057,5.23788738542121,0.81,20.1,3.93,670.0901312000002,3.19,7.14,7.81,7.96,7.71,2.53,9.02,0.82,14.9,184.7301477,359.83073410000014,9.9114,40.1,170.55,0.008978255,9.2,7.43,0.9348721328640276,8.48,0.68,0.68,0.52,65.56725704,64.11843801564041,82.30136304356972,0.55,3.88,1.6960000000000002,24.522165137238,47.0,71.15612048709946,91.05605586095044
E08000030,Walsall,66.8378053742447,15.68,4.188635032,716.471460142592,13.6009873309322,14.5,107.0966111,58.96861705617129,49.6472853936251,37.5,738.8273926,27.1836897861283,1.1,27.6,11.31184,65.6658968437259,14.3,0.47,53.0,54.3,29.9,23.3,6.1,0.8,327,42.8,98.0,287.9,9.114908390861787,6.23463294696171,0.8,19.7,5.16,628.3449241000002,2.41,8.98,7.52,7.8,7.38,3.23,10.74,0.99,12.3,157.0255431,381.8515742,10.2012,37.7,488.57,0.009941298,13.7,6.12,7.1100240674314685,6.13,0.59,0.59,0.53,72.5862357,57.49831741280444,79.7386995054978,0.815,4.385,1.898,32.883462474693,47.0,68.50612258665255,90.92508142428949
E08000031,Wolverhampton,65.8269765317634,14.39,3.2357473039999998,833.5371583030542,21.947966436494397,14.4,101.6679288,55.9166982874306,54.07515854526879,37.8,829.3480225,28.1086231538828,2.8,24.5,11.45845,65.54129464285711,12.9,0.57,60.0,57.1,26.3,23.1,7.7,1.3,272,46.7,108.0,301.6,9.938947887572294,5.77145055790689,0.83,22.6,4.07,613.0276319,2.32,8.28,7.28,7.56,7.23,2.31,9.92,1.02,16.51,189.7543806,518.9773762,9.0697,37.8,603.14,0.011723958,14.4,12.79,7.309772781483963,5.84,0.58,0.58,0.45,74.4596539,58.45198325677308,79.26626270553929,0.8,3.825,1.6279999999999997,35.47440301760351,51.0,65.47810758657975,90.58269697213905
E08000032,Bradford,63.6765858465394,13.28,4.006318208,771.7497040009372,41.425412952188,18.9,85.42125119,63.6795752295564,54.7088993816178,37.5,481.7207642,19.1267027430491,2.8,28.9,13.00995,67.6372498717291,13.3,0.64,57.0,55.4,24.8,28.1,6.2,0.6,289,47.4,66.0,289.4,9.0,5.82978723404255,0.74,21.9,3.46,566.0808012,2.24,8.67,7.55,7.75,7.45,2.81,10.53,0.98,15.89,215.6804114,437.12880610000013,7.847,38.3,561.32,0.004934848,13.5,7.11,2.8047868362004493,4.94,0.55,0.55,0.42,110.9237098,59.690332460732975,79.67693100224382,0.7,4.345,1.5619999999999998,30.1970739736935,52.0,67.70830902330067,91.88647051142857
E08000033,Calderdale,62.472138827675295,13.79,2.8130671510000003,639.964431793847,42.021068494341606,17.1,79.87830504,63.6641697299327,52.292332324238004,37.5,659.9736937999999,17.4129353233831,3.1,36.2,9.54281,68.3420593368237,15.7,0.58,58.0,65.1,21.0,18.3,4.1,0.3,227,53.7,69.0,255.9,9.3,5.06988215949575,0.71,24.0,3.84,535.2012533,2.82,6.56,7.59,7.91,7.47,2.93,12.9,1.03,14.94,192.5887971,310.8390683,7.2987,42.6,322.52,0.002862397,10.7,2.29,2.8645907932051906,4.95,0.76,0.76,0.44,92.89390511,63.02527905888644,80.38159882360804,0.655,4.445,1.7600000000000002,27.868055808974,53.0,72.06082557771663,93.04857906725219
E08000034,Kirklees,64.8520346559898,13.76,3.2783417939999997,636.294177458123,16.1247518299914,17.1,79.62990156,60.9778918720194,53.74136792603751,37.5,698.5357666,18.8679245283019,3.1,39.1,10.25157,68.12432237079871,13.7,0.69,57.0,61.9,31.4,20.1,4.8,0.4,289,47.9,70.0,250.7,9.4,4.9421332499218,0.72,20.8,3.96,505.38831110000007,2.51,7.26,7.69,7.9,7.51,2.9,10.95,0.97,12.32,162.7752057,342.8716259,7.5116,37.9,379.2,0.004608748,11.4,9.6,1.830056388612474,5.09,0.69,0.69,0.43,80.36235116,60.68245433437418,80.56710702398517,0.72,4.4,1.686,28.831676313421504,43.0,72.25985645204442,93.50307101116907
E08000035,Leeds,64.17350496179941,12.33,3.498637602,646.428616496278,38.2842963488125,16.7,83.27959845,66.43456140055609,51.99615778955621,37.5,813.5578613,27.2924815297697,2.7,32.6,11.30602,64.8193004553822,17.1,0.44,56.0,59.8,19.3,18.6,4.7,0.4,220,50.8,76.0,270.7,11.8,4.24356064344222,0.71,19.2,3.13,602.5600861,2.43,6.12,7.71,7.99,7.61,2.98,9.34,0.96,13.36,218.6882494,460.1292439,8.3417,46.0,370.87,0.00836208,11.1,28.46,3.567578862604893,6.09,0.65,0.65,0.39,106.9267092,63.01826855204715,80.18562367649194,0.5650000000000001,3.855,1.5,27.375999844606,45.0,69.98706364242734,91.63202359372292
E08000036,Wakefield,69.3524466097061,15.27,3.20441989,802.4235953497231,29.2740046838408,17.9,123.8866328,60.0178251764551,55.585337670607395,38.0,410.52349849999996,22.478277295050997,3.7,19.7,13.16607,67.7036333412491,19.4,0.59,57.0,62.6,24.4,16.2,5.3,0.3,440,48.3,74.0,278.7,9.7,3.23061630218688,0.73,22.5,5.22,548.9909683,2.84,7.43,7.77,8.01,7.54,2.77,10.83,0.86,14.13,216.53018959999997,514.3062569,7.593,41.4,296.17,0.005922787,9.5,3.82,2.0540508817747,5.72,0.81,0.81,0.44,90.39877931,57.78235687666891,79.93047448575369,0.61,4.775,1.916,30.575614944625503,67.0,70.614294023484,93.53911024809808
E08000037,Gateshead,69.1444129183094,16.18,2.992125984,1003.2663258410699,74.38361888842459,16.5,127.5577407,63.247124594290895,55.3628176639781,37.5,683.2030639999998,23.149657645908107,4.4,28.8,10.26634,69.9146834306242,14.0,0.57,68.0,61.7,27.6,15.9,5.6,0.6,268,54.3,95.0,296.2,9.6,3.8103947568968097,0.94,25.1,5.83,644.2288712000002,3.0,7.0,7.64,7.85,7.47,3.09,11.4,1.08,14.65,244.6803748,386.0524013,6.699,43.6,316.31,0.007972521,10.8,51.68,3.952198163215904,4.86,0.67,0.67,0.44,83.67791561,59.345868717857506,79.4822240007114,1.005,4.815,2.0660000000000003,30.256625824289,79.0,71.95212309022652,92.14549539451744
E09000002,Barking and Dagenham,62.83629066327249,11.52,3.774128493,516.608372433014,10.8106355032081,18.7,79.36907951,53.3360977522967,50.500914638072096,38.0,1021.270325,25.0950570342205,3.4,28.9,10.67341,71.56398104265398,13.1,0.41,63.0,62.9,26.1,21.2,7.7,0.5,328,41.7,66.0,282.2,6.054216056428497,3.67741383733858,0.38,16.4,2.44,595.0420171,1.46,8.01,7.66,7.95,7.61,2.85,6.28,0.8,13.79,65.48164769,116.9472335,12.6175,38.9,1306.3,0.013356696,13.2,41.13,0.4745836714741993,12.36,0.45,0.45,0.42,77.64663449,62.5464204526579,79.98078410714201,0.58,3.015,0.8539999999999999,34.609619830605,13.0,61.76961254403493,81.99699022361563
E09000003,Barnet,53.0267490763899,11.78,2.634308235,466.239945242093,20.3253534763745,17.3,57.22355834,59.834499966703795,57.84395791460801,37.5,961.6443481000001,11.2449799196787,1.7,36.0,8.965119999999997,73.249238799478,18.4,0.38,69.0,77.6,29.2,10.7,4.4,0.3,242,46.0,38.0,162.3,8.85251550898119,2.22194007110208,0.7,16.4,3.47,482.09228600000006,2.41,6.46,7.63,7.86,7.38,2.78,6.89,1.05,13.04,94.44915856,285.2915334,11.7874,48.6,883.28,0.014264731,12.4,8.39,5.41512056379141,14.5,0.53,0.53,0.38,61.77363249,66.07018022036962,83.87018022036962,0.805,2.72,1.2200000000000002,25.811949105301,20.0,63.44104998355545,82.43844512473026
E09000004,Bexley,64.5900921254308,13.86,2.412202909,567.990668829905,11.8225669157287,11.7,93.25010556,61.462672377287504,56.9678782130845,37.5,697.0054321,17.080018717828697,1.7,27.8,9.58216,77.1651183697932,20.3,0.37,65.0,67.1,32.9,12.4,4.6,0.2,326,44.5,42.0,206.5,8.01300087143079,3.1022678647839097,0.74,16.8,3.16,660.599025,2.6,6.94,7.42,7.79,7.45,3.04,6.66,0.76,13.57,77.08732164,161.0084233,11.684000000000001,44.4,639.03,0.01239979,9.8,3.0,6.500788220571746,11.43,0.54,0.54,0.37,52.57512473,64.43162674099234,82.11848214721034,0.53,3.325,1.402,33.0613421629295,47.0,71.51542619244258,88.94432844107193
E09000005,Brent,58.1399010081334,12.18,3.070175439,554.855836701583,7.4240022359347915,15.8,63.99777955,58.016117759526395,55.002082896188,37.5,1690.609863,13.8421249532361,1.6,47.3,9.76067,69.77451228781351,12.9,0.44,61.0,66.7,37.8,14.8,6.3,0.5,261,39.6,42.0,217.2,7.397634528001796,3.08522946394138,0.53,16.1,2.45,489.4964828,1.59,8.61,7.79,7.89,7.7,2.7,6.14,1.25,12.54,50.64127695,135.16200419999998,12.1006,45.1,1555.05,0.014473022,14.9,4.26,8.811857721922081,16.76,0.43,0.43,0.4,78.54707659,63.67460057975946,82.60408566341134,0.51,2.61,0.9960000000000002,35.751054916144,26.0,61.4361387857131,83.25967981884543
E09000006,Bromley,57.235213297999294,13.47,2.664298401,489.550797860328,21.4124957858386,13.8,95.42493244,73.7163846207858,60.9532293796842,37.5,649.4160156,15.0375939849624,1.7,25.8,8.89498,77.36077481840191,21.5,0.29,76.0,70.5,29.6,9.5,4.2,0.2,263,46.0,39.0,172.4,6.42362027326222,3.00110567051019,0.84,16.5,3.42,536.7005740000002,2.73,5.55,7.31,7.42,7.35,3.16,9.11,0.85,13.85,85.02993107,205.9629492,10.9843,54.1,920.77,0.005989571999999999,9.1,12.69,1.5179528280979142,12.1,0.64,0.64,0.44,60.49345611,66.4789830323233,83.42535588404054,0.505,3.19,1.466,25.3651555438055,33.0,71.19434274903738,89.8640319302638
E09000007,Camden,45.2897735458879,9.41,3.1276063389999997,555.515919197426,20.23429923039889,16.4,33.05971547,73.991511594563,56.7664297929219,37.5,1750.6628420000006,10.3874227961819,3.1,50.6,12.42125,66.38029782359679,20.2,0.27,67.0,66.1,13.2,12.0,5.2,0.4,210,43.2,42.0,198.1,8.405690042902041,1.74172679771087,0.51,20.5,2.07,498.0315227,1.82,4.02,7.31,7.49,7.11,3.62,7.83,1.46,14.22,70.88489197,175.5993424,12.4951,61.3,3263.21,0.013599853,11.7,3.72,50.126104649097535,19.66,0.27,0.27,0.26,135.55756409999998,64.59194351143229,84.38590114500651,0.405,2.56,0.884,29.677354152454,17.0,58.16942998097253,80.64707969225219
E09000008,Croydon,58.96499049930939,12.46,3.314285714,489.12202703843695,24.0805139064968,12.0,58.39421702,64.21475629056751,57.9368861242771,37.5,1284.948242,20.020458863071802,2.3,35.7,10.84883,73.4362628661916,21.8,0.51,64.0,60.4,24.7,13.7,7.3,0.3,231,40.4,83.0,212.5,7.067566948479143,3.60247026532479,0.56,17.2,3.03,519.5314031,2.1,7.01,7.49,7.58,7.38,3.27,6.58,1.12,14.0,108.04846570000001,263.5921114,11.5409,44.8,1082.3,0.00998787,11.5,13.49,8.0553585024309,12.11,0.53,0.53,0.37,67.34539558,61.10000000000001,82.09715853725085,0.51,2.97,1.1,30.708170247338,31.0,66.77065882879262,79.1102962197717
E09000009,Ealing,56.9255135405406,12.45,3.068280035,685.023711970777,21.228822208613998,11.0,50.10972491,53.4051381377524,58.157628008245496,37.5,1291.223877,13.340544438435199,1.2,42.1,9.12808,71.5393133997785,13.9,0.32,65.0,69.7,29.6,14.0,5.1,0.5,326,41.3,42.0,213.9,9.842571679691401,2.4396507447354905,0.42,16.6,2.73,545.4438917,1.65,8.21,7.55,7.84,7.7,3.23,5.53,1.12,13.82,87.43799068,186.4240469,12.0301,43.1,1216.13,0.015381259,13.6,17.72,18.08972503617945,16.68,0.45,0.45,0.4,70.02765977,62.400581788898755,82.73923690537323,0.4300000000000001,2.99,1.0619999999999998,28.509928480618,17.0,63.32965745093955,83.04148271504509
E09000010,Enfield,61.42507487728989,13.14,3.4022988510000003,561.902526103073,16.3091255524219,14.9,53.02910032,60.1291846839779,58.226512952768296,37.5,1068.479126,22.5450901803607,1.3,46.6,11.60779,68.0162810625535,17.1,0.44,61.0,61.1,35.9,14.5,6.0,0.5,358,43.3,39.0,200.8,6.821133831284858,3.17460317460317,0.6,19.4,2.88,531.1060718,2.27,7.98,7.34,7.98,7.68,2.63,7.87,1.1,13.38,60.18021543,147.3710315,12.0341,42.3,763.57,0.015051854,12.6,6.01,2.7050991118257914,14.04,0.56,0.56,0.37,68.5201605,65.30465216933919,82.44884777806166,0.515,2.87,1.1440000000000001,33.148567418049005,17.0,67.53060983460495,81.07174824251099
E09000011,Greenwich,58.8560582252811,12.31,3.189122373,601.580706712967,14.387561209150501,16.9,80.74691458,65.7885975070969,54.5732642443775,37.5,1477.769043,24.7086247086247,2.3,27.9,10.23574,77.5603217158177,22.3,0.41,71.0,62.1,25.1,17.1,5.9,0.4,411,37.2,74.0,251.6,7.903157555072736,5.02988773873743,0.42,18.1,2.52,638.6438776000001,1.69,6.65,7.47,7.74,7.45,3.15,6.44,1.18,15.31,66.89405956,169.01919809999995,12.1141,50.8,1053.66,0.01590008,11.3,14.76,2.8283642508900506,13.53,0.44,0.44,0.4,76.30926749,62.106591856432225,80.93951295567601,0.415,3.085,1.006,33.42505596273749,44.0,64.90840447911549,86.20653794124432
E09000012,Hackney,58.6597312989371,9.18,2.446782481,547.9467918191281,18.430850083465398,21.4,68.8012085,73.9786278128765,56.8164902099766,37.5,2928.237305,19.3879934594721,1.9,49.3,8.91033,71.23734900424421,11.6,0.39,72.0,66.2,22.3,16.9,4.8,0.7,260,40.6,59.785088340334504,290.1,10.245434528646843,4.9703264094955495,0.31,17.4,2.03,377.4708137,1.41,5.83,7.34,7.64,7.3,3.23,9.82,1.43,17.0,77.82617738,233.1827801,12.8086,60.5,2890.86,0.0171786,11.9,9.88,6.52341725588829,15.23,0.34,0.34,0.37,96.69154022,60.768174059268866,80.86146363738499,0.365,2.75,0.818,33.25807026621349,31.0,62.43216282089686,74.19673448765526
E09000013,Hammersmith and Fulham,52.468324054793605,8.57,2.683942619,644.428202561696,18.9812749722399,13.6,57.16203275,71.3565182664188,60.507041131216496,37.5,2235.333252,15.1909722222222,1.2,52.3,10.81481,73.9156994502138,14.4,0.24,74.0,69.5,16.7,10.4,5.5,0.5,421,39.3,61.0,247.3,13.387413065604479,2.48412917471709,0.37,13.5,1.68,476.2655996,1.61,4.24,7.34,7.61,7.13,3.52,6.45,1.28,14.77,86.72507286,240.6171562,12.5527,63.7,1918.81,0.021389661,11.7,3.33,2.732270298036044,18.84,0.34,0.34,0.32,102.7497568,63.35663613809986,82.0301642640903,0.39,2.63,0.8139999999999998,29.65986984536849,23.0,57.76044227992998,82.06819001405445
E09000014,Haringey,49.907887824765396,10.4,2.749719416,602.780799278593,31.371599346149807,15.6,55.30958926,67.5235959411563,59.82248472777351,37.5,1892.6970210000002,20.2383629413088,1.8,45.7,10.13323,74.4072750893147,11.2,0.38,65.0,62.1,29.3,15.6,6.5,0.6,352,44.4,72.0,223.2,9.431968688226744,3.3049657109807486,0.41,16.4,2.07,475.41719400000005,1.78,6.21,7.6,7.73,7.34,3.34,7.01,1.34,15.8,72.67236845,252.6937639,12.4194,54.9,2572.51,0.013002024,14.5,8.69,15.85405421349143,16.75,0.4,0.4,0.38,97.13004749,64.75217532371767,82.53129221602809,0.485,2.6,0.8560000000000001,29.543841769859,24.0,63.413676413238534,81.0649552089372
E09000015,Harrow,57.47273742361071,13.34,3.1072602330000003,536.977147932095,13.3264576537323,9.0,34.42556897,54.5284043247406,54.729575027974704,37.5,799.8215942,11.4115604068469,1.2,38.7,8.80688,73.1408848446815,9.9,0.39,70.0,69.1,37.5,11.9,3.8,0.2,159,39.5,36.0,164.2,7.9537486233520855,5.04494588148964,0.62,15.0,2.73,501.2439233,2.15,9.71,7.79,7.8,7.86,2.44,6.14,1.04,12.58,70.69631246,195.1356373,11.3545,45.9,812.57,0.010535253,13.6,6.28,4.018000642880103,14.93,0.5,0.5,0.39,49.3812279,66.59710382513661,84.30272581163612,0.6399999999999999,3.0,1.3219999999999998,27.620051622197003,18.0,64.1611982690159,84.19454223590193
E09000016,Havering,57.62041613106171,13.92,2.6974325639999996,456.730414627115,9.598195539238619,13.5,42.02017031,58.954166136888894,57.0567301198843,37.5,617.7998047,21.040189125295502,2.1,18.4,11.36277,71.73453996983409,16.3,0.34,72.0,67.3,34.0,13.2,4.8,0.4,249,45.4,44.0,218.9,7.268497482992678,1.8824928168037296,0.75,16.1,3.07,594.2355435,2.75,6.73,7.58,7.87,7.33,2.83,7.7,0.7,8.87,77.40740623,116.9499765,11.4671,43.7,522.3,0.009832955,9.9,2.8,8.592440995317121,12.46,0.61,0.61,0.5,65.34551377,64.98003233882339,81.99185124141245,0.675,3.245,1.4180000000000001,31.9861402606365,16.0,69.80903285807454,88.32391147094921
E09000017,Hillingdon,55.1723408338869,12.71,2.874902875,592.667731092358,21.3683154334981,11.6,46.63693451,60.78200600081671,49.1053618977106,37.5,915.3341063999999,14.7637795275591,2.2,29.8,11.12714,72.5572697522207,23.6,0.31,64.0,66.1,23.7,13.1,4.8,0.2,427,38.0,43.0,210.7,11.217537057883275,2.854996243426,0.62,17.5,2.61,462.7142516,1.89,7.42,7.55,7.81,7.62,3.17,7.85,0.84,13.7,91.32953938,192.1182284,11.4055,49.8,498.88,0.013184201,11.5,9.44,11.907006280945813,14.03,0.55,0.55,0.4,72.13992055,63.90389987530719,82.29550014387631,0.5449999999999999,3.17,1.206,29.239657103029998,27.0,65.9948340791827,85.6191185078555
E09000018,Hounslow,56.49798702155721,11.67,3.546480387,632.549624041935,24.7956992650977,12.6,86.78754102,56.7919637618594,60.2318997549697,37.5,905.8688965,13.3366263274883,2.3,32.4,9.43466,71.0244438341115,18.4,0.38,66.0,68.1,23.0,14.7,6.0,0.1,284,40.4,39.0,223.0,10.55981692079306,4.16281221091582,0.46,15.1,2.41,503.54384280000005,1.7,8.01,7.34,7.65,7.42,3.28,6.06,0.88,16.54,142.6700792,356.7039566,11.9054,41.8,837.87,0.018421167,12.7,3.51,8.175399479747306,12.42,0.49,0.49,0.38,80.07803790000001,61.67004682274247,81.97030100334449,0.435,2.745,1.024,30.582364200807,39.0,62.708274469873714,83.6754367367887
E09000019,Islington,53.187360002606496,8.99,3.009174312,736.1792636587289,35.1692212062225,20.1,40.93472057,68.230348748534,58.16949637246671,37.5,2094.68042,19.559902200489,1.5,46.8,11.7099,69.8977106673161,14.9,0.4,66.0,63.1,10.1,14.2,4.8,0.5,200,42.5,83.0,270.6,9.54687853922979,2.03850509626274,0.47,15.8,1.79,555.4543418,1.72,4.96,7.38,7.49,7.27,3.35,9.21,1.53,18.72,93.80757606,237.8420947,12.8529,61.4,3200.97,0.018189398,10.4,3.68,11.48936170212766,16.87,0.31,0.31,0.27,116.4468085,61.09708085106382,81.29207659574467,0.39,3.225,0.8459999999999999,30.926691338401998,23.0,61.60934052584168,82.94768070082604
E09000020,Kensington and Chelsea,40.4680714750875,9.15,2.8890347999999997,458.866744194513,19.958439484837502,13.2,64.13395108,68.2206996172893,59.2527039391659,37.5,2019.383057,8.350730688935279,2.1,44.3,10.6347,70.106075216972,15.0,0.21,76.0,76.3,17.6,6.8,5.9,0.3,284,35.8,28.0,172.0,9.513039496279175,3.2486145614370296,0.53,19.2,1.59,400.95222810000007,2.13,4.41,7.31,7.55,6.82,3.71,8.48,1.5,11.99,73.13156559,171.59061,12.8692,57.5,2078.28,0.027702134,11.7,4.41,12.841833556995267,24.6,0.28,0.28,0.26,119.1208481,64.35106747741442,84.70091498064096,0.28500000000000003,2.35,0.94,27.6517449288145,23.0,53.186100351999045,79.11286645521301
E09000021,Kingston upon Thames,53.445094075935295,10.31,2.1,419.663551795859,17.4953637286119,15.5,36.75954206,65.1000227468087,60.1263061997846,37.5,1010.2212519999999,8.62392200974878,1.6,39.3,7.942080000000002,75.8501724987679,18.1,0.29,65.0,77.7,26.7,8.3,3.8,0.2,138,51.4,30.0,180.5,9.123758807775733,5.1936489093337315,0.52,16.0,2.31,474.7488003,2.22,5.1,7.6,7.85,7.32,3.04,7.56,0.85,10.5,98.09715813,295.9007807,11.4462,54.7,587.42,0.016904231000000002,10.9,8.39,15.463120457708365,13.51,0.47,0.47,0.37,57.32808733,67.14918131367799,83.12783533494837,0.5549999999999999,2.845,1.044,22.051117791028,17.0,66.1426334309462,85.68532982871886
E09000022,Lambeth,49.9901917753975,9.38,2.481640922,550.541408303319,17.06921566954,14.6,71.10311404,71.1379363710359,58.0580184294429,37.5,3208.630615,23.9563567362429,1.5,31.4,10.46786,70.721271393643,25.4,0.34,70.0,59.3,17.9,15.7,4.8,0.6,233,40.6,66.0,272.1,9.670155667755447,4.65862226974187,0.36,11.1,1.87,518.0185543,1.5,5.44,7.42,7.62,7.32,3.32,7.78,1.27,18.32,96.3770349,263.6873858,12.584000000000001,61.2,2539.18,0.01958112,10.3,10.9,10.492272749716092,16.0,0.35,0.35,0.34,91.21796771,62.83656402755147,81.09065323655756,0.35,2.69,0.71,31.81500297831349,31.0,61.85114071237008,84.60456484142874
E09000023,Lewisham,57.81368435660279,11.54,3.032391454,536.770500000374,19.1583115141452,15.5,88.62880956,64.9016456810769,51.828221831632995,37.5,1810.574585,20.828616708173,2.3,37.5,10.95852,78.8717402873869,23.5,0.44,62.0,57.9,24.1,15.4,4.9,0.6,352,40.8,67.0,263.1,7.95240589565907,3.07993840123198,0.45,14.4,1.87,558.1509772,1.68,6.43,7.31,7.62,7.4,3.18,8.17,1.32,15.69,98.63434179,282.6071519,12.2109,50.4,1591.43,0.016339851000000002,10.9,4.4,7.301523031326853,13.85,0.42,0.42,0.42,71.15666081,63.1164921492033,81.38229712552314,0.37,3.2750000000000004,0.904,30.603177637891,31.0,64.4184695655544,85.94910183439474
E09000024,Merton,56.73117105575111,10.57,2.885606321,513.788688775467,24.285540817565604,11.5,56.91369429,68.3125671142889,56.154591172945096,37.5,1135.0932619999999,12.837837837837801,1.6,31.7,8.78097,73.8721067085131,21.1,0.32,66.0,69.1,31.6,12.5,4.1,0.3,316,40.6,33.0,193.7,10.342490141649453,2.8484231943031504,0.56,17.4,2.6,460.99545880000005,1.94,6.15,7.55,7.79,7.68,3.07,7.29,0.91,15.32,94.50426709,245.2920007,11.998,54.6,1207.75,0.010871138,11.1,5.47,2.4265719332983906,14.71,0.47,0.47,0.36,57.8834469,64.70992953235104,82.62813367499466,0.455,2.705,0.9740000000000002,27.603591182194,18.0,65.5189227711213,84.20811389611087
E09000025,Newham,62.4105702370594,10.47,3.563348416,574.048218791753,10.1845758515872,19.1,54.46130719,62.503767979616,45.732786361745006,37.5,1417.6040039999998,16.9373144752925,1.7,49.6,10.24792,75.0648832102216,11.9,0.37,70.0,64.6,34.0,21.2,5.6,0.4,356,42.3,46.0,246.1,7.790329841079307,3.40304078160162,0.28,15.9,2.89,432.3309323,0.96,8.67,7.47,7.67,7.38,3.04,5.46,1.11,13.02,74.73656509999998,144.8452966,13.1014,47.6,1330.98,0.017952139,19.1,6.92,21.839331486568813,15.34,0.39,0.39,0.33,85.51822435,60.92997735606156,81.2084679134243,0.325,2.64,0.762,32.963422178342995,21.0,61.96946188649762,81.07319255768536
E09000026,Redbridge,59.7512242179257,11.8,3.880526811,406.581141589952,11.8755965288071,12.1,58.51817679999999,59.8237892248917,54.0087984680725,37.5,748.5202026000003,12.437349173937301,1.7,46.3,10.27007,73.07267506074659,16.3,0.37,67.0,72.8,45.5,15.3,5.5,0.3,281,46.7,30.0,195.9,9.2808608768844,2.72975432211101,0.52,15.0,2.54,545.7245896000002,1.72,8.63,7.55,7.74,7.45,3.17,5.5,0.86,10.6,55.12926866,133.0622338,12.4676,46.5,949.56,0.014746122,13.7,18.97,21.53851251718939,13.03,0.5,0.5,0.43,70.50383551,63.35211425352486,82.64003280481137,0.475,2.6900000000000004,1.0340000000000005,31.226889956772,12.0,63.49130575555687,83.76533229429964
E09000027,Richmond upon Thames,51.367596490042,9.98,1.771117166,473.916395333517,31.2616300707108,9.8,61.32595524,72.7561227736431,68.75996975674279,37.5,846.3717041000001,6.64451827242525,2.2,43.0,7.439710000000002,78.4306433618446,21.0,0.26,76.0,75.4,20.6,5.3,4.0,0.2,169,41.5,24.0,169.9,7.789326284729402,2.50197524361338,0.64,12.7,2.16,533.8366552,2.47,3.91,7.73,7.76,7.57,3.38,6.63,0.84,12.07,129.1127652,387.9957431,11.5462,59.4,815.16,0.009402575,9.4,2.31,9.709730171708912,15.49,0.45,0.45,0.34,60.27187244,67.90417978331968,84.04720870809486,0.5,2.73,1.044,20.909348967156998,28.0,68.35573507476444,84.50634420444867
E09000028,Southwark,58.766603638125105,10.53,3.0945844769999997,533.127847443793,11.512417712377903,12.2,76.49177377,69.022498774353,59.1378636680311,37.5,2692.411865,20.4578665367755,1.6,38.0,8.97899,73.42793544796879,24.2,0.34,64.0,67.4,14.0,16.0,6.2,0.4,63,38.5,78.0,254.5,8.577770148038011,3.78591047435231,0.37,13.0,2.08,521.1031642,1.57,6.14,7.47,7.65,7.34,3.68,7.76,1.23,16.95,103.7325422,261.3765248,12.5689,60.2,2185.67,0.017405645,9.1,10.83,14.002393136281473,16.22,0.39,0.39,0.31,91.98617582,66.61603910486521,81.6605017948522,0.395,2.81,0.7759999999999999,34.6612667724485,38.0,62.35266731567,86.5976633691482
E09000029,Sutton,57.258309432996995,12.57,2.2314049590000002,564.092490746876,32.0378188652916,12.8,100.1637577,59.5146794076064,61.16283905499989,37.5,725.512085,15.229972586049302,1.7,36.2,9.36643,70.3113135914958,26.5,0.51,72.0,77.7,39.2,10.2,5.1,0.1,522,40.4,49.0,187.2,7.535634042873162,4.17331533079661,0.8,13.1,3.61,553.4919437000002,2.58,6.73,7.91,7.99,7.82,2.94,9.04,0.97,12.33,178.81393319999995,471.3277812,11.3371,47.4,942.21,0.010480901,9.1,3.65,1.4760655963551017,11.41,0.54,0.54,0.37,51.84434396,68.05865491062423,82.59256112141621,0.635,3.53,1.31,26.3780197678875,42.0,69.87391716528535,87.77252117857141
E09000030,Tower Hamlets,44.0314609297449,7.5,4.29978381,460.204039206605,18.0204532143983,19.7,56.83269027,66.334867186137,49.359628632878284,37.4,2288.865967,15.2143845089903,3.2,50.1,8.67642,68.4487534626039,11.1,0.34,68.0,64.7,9.8,21.3,8.0,0.5,134,44.4,50.0,265.3,7.666320523274457,4.725210817097991,0.29,15.0,2.49,531.5893743,1.15,6.76,7.51,7.6,7.27,3.26,7.28,1.34,16.3,65.95895224,145.68604319999997,12.7362,57.2,1851.14,0.030605468,11.2,3.17,6.818978841682794,14.21,0.35,0.35,0.26,88.54281669,59.64868101466405,80.86811575378941,0.32,2.78,0.7040000000000001,32.8414750954095,31.0,61.84907847362739,86.63598289223965
E09000031,Waltham Forest,55.5952119396959,11.12,3.410962127,454.66952011023903,8.59336693171306,16.4,73.38740558,66.3979830703838,56.75885515593289,37.5,1511.507202,18.0890538033395,1.6,25.6,12.16542,73.90052356020941,16.1,0.37,68.0,62.6,36.2,19.1,5.2,0.5,333,41.2,42.0,241.4,10.300839842188042,2.20876380477378,0.45,14.0,2.33,432.498888,1.63,6.88,7.73,7.89,7.51,3.03,6.87,1.15,17.27,60.56792710000001,135.23116509999997,12.837,57.8,1204.39,0.014484478,14.6,14.65,15.970672038619988,15.14,0.42,0.42,0.37,72.35440373,64.43731329739933,82.13731329739932,0.405,2.8150000000000004,0.8960000000000001,30.4901329198865,9.0,66.36376817443598,81.14626048643565
E09000032,Wandsworth,48.227910566908506,8.12,2.055594487,508.110528771577,15.0437342846704,13.2,63.88990915,71.74830594048109,59.0012264471973,37.5,2075.037109,14.9625935162095,1.5,49.0,10.06368,74.954128440367,16.4,0.33,69.0,69.9,19.5,8.7,3.7,0.3,364,40.9,46.0,215.4,10.240516961810856,2.46254873794377,0.41,13.3,1.39,462.369519,1.66,4.33,7.64,7.79,7.46,2.88,6.76,0.97,16.8,86.00933962,241.283367,12.1921,60.7,1860.3,0.015735818999999998,9.8,1.19,4.021567978419648,16.34,0.41,0.41,0.33,70.34341097,66.90000000000002,81.96384919738783,0.375,2.4450000000000003,0.7200000000000001,26.03553392047649,22.0,63.989487998900955,85.73733808900069
E09000033,Westminster,48.012717327510785,8.02,2.705099778,502.09263568559305,15.925740546935401,14.1,62.15500363,66.6842170484973,56.013247165448796,37.5,2349.691406,6.73724735322425,1.5,58.8,10.43941,70.65144392209541,22.0,0.25,68.0,74.2,12.9,8.5,5.6,0.4,172,34.3,41.0,187.7,8.337333841871892,3.06044376434583,0.49,15.6,1.39,386.169163,1.75,4.24,7.57,7.77,7.56,3.33,5.71,1.44,16.18,70.68437042,147.8439284,12.9017,55.2,3022.47,0.025976311,11.4,2.73,88.64523930129576,23.73,0.2,0.2,0.21,209.1455743,64.98079216980669,84.2797525286361,0.37,2.205,0.8620000000000001,33.892077137385996,27.0,54.5722095116393,78.5767719206926
E10000003,Cambridgeshire,59.775769827354296,12.643100747281721,2.491720549,622.92164580358,37.9123277420964,14.461179630289536,75.64423959,71.1167764737912,61.158673397032786,37.5,517.409729,12.873427672956,2.4,26.6,8.91901,70.6668413467837,17.7,0.4050331074173429,59.0,66.5,16.2,10.012438814816186,2.7202652733491,0.1,264,47.6,51.0,185.97000495189255,7.795704063084925,3.3341051169252096,0.6592979007292784,16.5,2.799780817980112,532.8536357,2.7665539525206784,5.650735333231673,7.67,7.86,7.35,3.19,8.885675017741168,0.7973715196664165,14.03,252.46753959999998,662.7249468,9.9773,54.3,284.5,0.0016949970000000002,9.2,8.434313580611791,6.941905506782242,8.85,1.205721040298533,1.205721040298533,0.5775345128402112,59.60320068123233,65.6498604676993,82.64982946052139,0.6540771811761319,3.940034525664125,1.4573372843779355,22.83223167501,36.0,70.650701517648,90.98009778609196
E10000006,Cumbria,62.42455252093001,16.284259602442308,2.670194852,652.419768717871,57.8470824949698,14.313063857536992,112.05231809999998,69.5326554037405,60.792798497527286,38.8,417.51583860000005,17.7963883800052,2.5,22.6,10.54741,68.4868943606037,22.2,0.5365078812291894,61.0,65.2,26.6,14.99082578379734,3.2298052671181336,0.3,271,51.4,68.0,235.31183827439187,12.1,3.26009922041106,0.9855061155219164,21.8,5.339060696564771,568.7403304,3.640247351891228,7.363745328914899,7.79,7.87,7.57,2.77,11.926559655406287,0.9940893041765017,14.82,223.799727,447.2137657,5.7989999999999995,49.0,337.6,0.0005651380000000001,12.2,7.126735031190576,1.6052169551040882,5.39,1.7753179834461998,1.7753179834461998,0.5495172911963883,50.37772761474793,64.90703987960873,81.12393559066969,0.8119557060120992,4.557575639350018,2.3573337494879345,31.8116806548155,54.0,74.49862173242602,93.92443163424707
E10000007,Derbyshire,63.75865937038779,16.414709257291875,2.407325358,709.766701081241,39.3818143049545,15.12159145720902,119.23216229999998,67.98175134732321,57.808030042564,37.5,502.43246460000006,14.1679340430641,2.7,21.4,10.09505,70.3690967446126,20.4,0.6333035552093883,60.0,64.2,27.8,13.2224248263183,3.767880060507648,0.2,320,44.6,41.0,225.47688890684705,8.9,3.69987953880571,0.9445118082746142,22.7,5.6789773121594544,585.7325847,3.199927922787286,7.404147626131962,7.84,8.05,7.59,2.97,11.485651803105755,0.870307316713029,14.76,238.084008,540.2135542999998,8.3088,44.9,224.02,0.002078798,8.8,6.043924371685496,4.293113593260316,6.24,1.0763079854438196,1.0763079854438196,0.4835249745569886,40.19617003760264,62.790026844586755,81.07908836995526,0.7166225958017911,4.543867618185981,2.0836070640673823,28.1977169730295,53.0,74.96636765639808,93.48721565062976
E10000008,Devon,57.39524078358001,15.935431169107034,2.568893041,604.100844457288,43.63427054176121,13.428649810524016,80.94138926,73.9342814003267,66.3768041128553,37.5,575.8660278,12.4352331606218,2.7,32.9,9.70762,71.00086601509341,27.4,0.5253982612573578,62.0,64.2,25.7,12.165299153551135,2.4929307609147187,0.1,273,42.8,48.0,199.71921323321098,10.458083316438275,3.42873470165246,0.9772388446212528,19.8,4.946964272013504,531.8775404,3.590333294434341,6.772753031132944,7.84,8.03,7.63,2.75,9.829032505562516,0.9022380906801072,17.0,210.3159633,593.7018321,7.3317,52.4,281.53,0.000874433,11.6,11.968668957563764,10.035938823965822,9.44,2.1034558310710123,2.1034558310710123,0.6595680100003684,5.489118629,66.49506206402421,82.34691039177002,0.8149800874920277,4.403999690556329,2.1510793159196964,25.9176109619725,36.0,74.10254250896648,90.66360476810756
E10000011,East Sussex,58.7720711424416,17.026150869554044,2.6990553310000003,581.779748636109,39.306692829201396,13.932926579738856,85.02833689,66.829255291393,63.0060406534235,37.5,613.1005249,15.905947441217101,3.6,23.5,12.92909,76.47889811054209,20.2,0.5450976362879284,57.0,60.9,26.6,14.757469230922446,3.635286342096734,0.3,272,51.3,53.0,215.07350971192864,13.072307537962814,3.15747927904223,1.148574974025354,20.6,5.440481811219822,553.5116165000002,3.6951916616797793,6.669178178381232,7.65,7.85,7.55,2.87,12.549275634060226,1.1302183338779137,13.32,235.3914366,527.4461574,10.1052,46.6,462.11,0.0016769220000000002,9.8,13.808448809036488,16.296701366568943,9.89,1.040139318689238,1.040139318689238,0.5441017348743977,53.52379952160128,63.97799709918717,82.1081505235768,0.6422164391852011,4.225423212338598,2.1609436781567,26.79901513532549,51.0,71.70157002245202,88.82814438893969
E10000012,Essex,63.5564288490931,14.935518514047342,2.227054095,588.644810160215,21.9231511748519,13.861306232150486,67.69299166,65.9529400765501,55.9592358262143,37.5,579.0089111000002,16.7328657145272,2.7,25.1,10.03462,73.4866968746369,18.1,0.4320197585507219,63.0,64.9,22.2,11.104934078111837,3.6969626278030514,0.2,269,47.0,33.0,206.20690134772576,10.881079770931942,3.09503580531618,0.8072310259188987,19.0,4.4391486159691205,611.9049173999998,2.91246553672001,6.513309969428081,7.64,7.84,7.55,2.82,9.189395411148023,0.7943912516477131,13.27,156.98270159999996,307.6105100000001,10.4141,46.8,263.49,0.002887718,9.2,5.660725440251674,7.492284649602874,9.93,1.047854107508836,1.047854107508836,0.5336303388487901,61.18063421508442,64.34674320603034,81.78365353768653,0.6228871458867791,3.9660597314672863,1.630344294360199,26.281995128371,31.0,71.27687487009575,91.17270583957891
E10000013,Gloucestershire,59.7847542459679,14.017169101003521,2.3586483769999997,590.268156596596,31.4769847693716,14.323717043520622,87.45047147,69.1689747637403,63.44483976128721,37.5,516.7149658,14.8249292889886,2.8,20.0,10.89952,68.2802547770701,19.1,0.5693685085625292,62.0,67.5,19.3,10.164899488807412,2.906225214482782,0.2,233,49.2,48.0,207.39394926919041,9.838409025561674,3.25439343113203,0.92324728587849,18.9,6.478914159755951,580.3415497999998,3.1290442556213582,6.638156952822026,7.79,7.88,7.43,2.81,9.212252124794992,0.7939993975163537,14.66,200.5580761,456.2060195,8.8338,48.8,184.8,0.0016296670000000002,10.1,6.5146459302884825,4.776012952547127,8.2,1.2369843617415892,1.2369843617415892,0.5544370911533912,49.46675815384811,65.9490533146326,81.98313398785938,0.8132640372920477,4.231606157450181,1.8014934189600589,27.747259640767002,38.0,74.10470832176244,92.180226320693
E10000014,Hampshire,61.648565062158795,15.047282643188383,2.127158556,480.10474326235,30.643754567097996,14.341089625366955,91.8733474,69.9440080090864,59.7875521695326,37.5,681.8761597,12.111116113637399,1.9,16.4,9.35599,75.7329499281115,21.3,0.4193936347807357,66.0,67.6,19.0,9.810951260935793,2.6415191051762275,0.1,222,45.5,51.0,181.63521778208363,7.904320640202223,3.5249330262725,0.9031958733556124,17.4,3.8653732294940113,528.6062133,3.389045366972109,6.2978753992892536,7.95,8.05,7.69,2.71,10.881176845652867,0.7963238957717361,13.86,218.6882451,591.8229067999998,9.8931,50.4,263.79,0.002778103,7.5,8.376467969054376,5.179729311723405,10.01,0.9661051937364672,0.9661051937364672,0.5745613279950509,5.099479983999999,67.79584191757958,82.8332646593635,0.8344212061863109,4.0382652744859024,1.7935233393079515,26.199812319365,35.0,73.81000382665266,91.94013104626859
E10000015,Hertfordshire,59.7407686464902,13.084075526066098,2.5001978,567.344487167902,20.8565159127723,12.714926575066853,65.18646846,68.4647766952652,57.4099714092756,37.5,638.1451416,11.0370885950085,2.5,26.2,9.61851,72.1554675438008,14.7,0.4529466497799068,65.0,71.3,17.9,8.215217785244562,3.3388010676295203,0.2,243,46.3,34.0,191.0041727988186,6.996648185673977,2.8439714685443,0.7361340165786485,16.8,3.2853209043294336,563.6513527000002,2.776114873258883,5.809518806471948,7.75,7.98,7.74,2.76,9.206190479744057,0.8085884803239024,13.66,105.8938541,273.67254510000004,10.7366,46.6,276.92,0.004927549,8.7,4.211683590373411,5.080724240304708,11.82,0.7558493277355043,0.7558493277355043,0.4759782680488495,60.4140451540899,65.9,82.63250308653998,0.6348121708561791,3.552561586294184,1.4520574899906116,24.447914931501003,32.0,71.17950380144775,90.72585209772848
E10000016,Kent,62.952642035222595,14.78432103310802,2.488075287,509.693095085896,29.317502549021807,16.288410213065948,84.56806324,67.8412858318911,59.1338788032936,37.5,497.4348755,16.0830386677313,2.7,32.0,11.57894,74.16737830913749,19.2,0.4620075905303905,65.0,61.3,23.4,14.327722244949946,3.717589004757384,0.3,230,49.2,57.0,213.54382787996673,10.52458765411574,3.81679389312977,0.8011513366815122,20.6,4.735828059045874,571.3125771000001,3.0798385188404356,6.613832040656889,7.68,7.97,7.5,2.86,10.306063918971256,0.8384201875951468,12.27,166.18795780000005,343.2259959,10.615,49.1,427.96,0.002744724,9.5,6.784622340058697,14.279870014588626,9.88,0.936753098474498,0.936753098474498,0.5144240195132493,6.762193851,64.0981936607669,81.68161093657937,0.6773107751542451,3.776147032709543,1.6673877566021644,28.609412062754,30.0,72.51702198555721,87.23498191570717
E10000017,Lancashire,63.914169228786,14.967106904224215,3.0690758189999996,624.5064972808229,44.8810584359492,14.844955423075163,112.0078696,65.2529253067369,52.97803032782721,37.5,641.9967041,22.8907439491783,3.0,32.8,9.57226,69.35105551211879,21.0,0.4667072308375405,61.0,64.2,25.7,18.025674311793026,3.9197588727425514,0.3,287,49.0,75.0,260.5928095319319,11.2,4.72638086965408,0.8905082299257328,22.1,4.97724228303668,600.0826182,3.0253167082957786,7.04565590777447,7.8,8.03,7.49,2.94,11.808720686364,1.016725923018848,12.27,189.10369740000002,439.3208504,6.9982,44.9,349.33,0.002593203,12.6,6.997398577577994,3.2449837958821988,5.45,0.7719005454068919,0.7719005454068919,0.4771617624422248,68.99417983034559,62.821668420899364,80.42294303389345,0.6276865722275935,4.5912725204625655,2.007742682200811,28.239655130214,57.0,70.55111851815741,86.74439510563049
E10000018,Leicestershire,62.653475418055,14.951385408462805,2.622018638,556.29035833102,19.7167122260655,12.089227947355305,64.39634928,66.2409579069382,58.147161194280606,37.5,534.4730225,12.2515654778111,2.3,42.9,9.44805,70.1390644753477,20.2,0.3970357702721961,62.0,66.2,24.0,11.131122466720367,3.5132507113756346,0.1,377,42.1,37.0,189.48829127862163,7.9,3.66213259773614,0.897973795374812,20.0,4.201173530061027,744.3392514,2.9417913653612087,6.7980056794932375,7.75,8.05,7.7,2.97,11.499419643810839,0.7550655115629699,12.14,131.2360991,261.06823430000003,9.7413,42.8,169.02,0.002445704,7.9,5.338178739018452,1.3039471930363424,7.74,1.0311622950629664,1.0311622950629664,0.5269956911789422,54.23406141881046,65.4525992014048,82.46715472927157,0.6735141707866995,4.013317104603709,1.7305649029856087,24.955971512660003,34.0,75.57172974756169,94.93941920915537
E10000019,Lincolnshire,63.6899159302501,16.604158593459953,2.411764706,590.9840621807,21.5938088460315,16.31482472033665,69.19812823,63.1052250740199,58.0847940779384,38.8,453.9184875,17.955801104972398,2.8,20.7,11.3109,69.6270198031831,18.8,0.6144872996104348,57.0,63.1,28.5,15.677413931048989,4.329326478258611,0.3,362,44.4,48.0,233.67306538724205,9.8,3.29771797915842,0.905373436056138,24.4,7.059194996165933,582.7909043999998,3.49914232058512,7.794182648221081,7.71,7.98,7.54,2.78,10.850995938728426,0.8060560567342062,15.79,139.43359750000002,290.5821318,8.7854,47.2,444.0,0.000723775,9.0,11.06653200275505,8.38690524527704,6.88,1.575098080197452,1.575098080197452,0.7429698031473526,48.40309330365521,62.05724302455765,81.1862151227883,0.9284019841566344,4.411154981179831,2.206742742243624,29.3023598742,36.0,72.53183519452959,88.48572142655695
E10000020,Norfolk,62.15267647677171,15.852512573276119,2.451352034,660.283358843841,29.7867975444632,13.803275414908892,76.82008122,66.4938543777032,61.197779140933505,38.5,573.9418335,18.590181349116,4.0,23.8,11.53342,70.0566134843026,14.3,0.6605402663897308,57.0,62.1,26.7,14.300010129231179,3.893525306381416,0.2,293,41.0,65.0,215.15055610592282,10.578761987439727,3.2114716755666803,0.9339504901580142,20.4,4.442318450920476,578.3070504,3.3414698100700995,7.036874564549843,7.85,7.95,7.55,2.62,9.375219071261562,0.8972631953283344,15.5,170.0926205,412.72961,9.2545,50.5,313.45,0.001047829,10.9,5.534083593922942,5.676821870234531,8.86,1.9050687674617928,1.9050687674617928,0.7263891294426696,52.83562817929853,62.89652311356984,81.98216119947905,0.6533517017488009,4.538533476031155,1.9663039576137955,27.416767266658496,39.0,72.7745892574082,92.53721924867891
E10000021,Northamptonshire,65.6779156118391,14.300001788218706,2.44958555,702.2884720164619,35.2844633434751,15.991074852032288,129.1740934,63.6328853172145,53.729356782919204,38.0,642.4303589,19.0944247502417,3.3,27.4,10.41717,69.77105563037401,17.1,0.48460726885357297,57.0,61.3,23.6,13.026085490057461,4.397760550667895,0.3,401,39.7,61.0,236.1884799024297,10.256009458717145,4.5078332840674005,0.7066018479963009,21.4,3.957936735598613,605.4522445,2.784639712250065,6.6613545048685,7.79,7.87,7.51,2.74,12.311262941038413,0.827178880626183,12.31,280.640479,725.853232,9.8087,40.7,185.51,0.0024353720000000003,8.1,8.184800950952734,7.150479824179144,8.14,1.2018469554471145,1.2018469554471145,0.5324349137692608,9.69227303,63.93599079341993,81.16849215268567,0.7023478692108449,3.984470597852605,1.6037256259404118,28.1460430832045,56.0,71.94003657305885,92.95420735577449
E10000023,North Yorkshire,59.496715222325,16.243099148077572,2.035975489,639.98796308176,43.144189584652004,15.797347101938579,97.50176425,69.4250621642293,61.483632199639,37.5,427.80981449999996,9.98336106489185,1.4,27.9,10.18313,71.6429954809554,18.5,0.5165975906696081,59.0,70.4,27.1,10.93349050819691,3.6276010287214713,0.1,303,47.1,36.0,197.15919464777082,10.8,1.96475351274113,1.0113075888353324,18.8,5.0462454526734835,506.5129038,3.696159343122969,6.450192345557211,7.81,8.04,7.47,2.69,9.622957992998833,0.7855411388857751,11.39,189.34605,503.9259092,7.0753,49.6,261.0,0.000682622,9.1,9.85624889197355,2.1254575864938614,7.81,2.4231474920417964,2.4231474920417964,0.6560599575235476,5.685715827,66.52354614613665,82.42648941440373,0.8967936270760873,4.430907409483242,2.274899114449053,25.904973060692488,39.0,74.60639886230227,92.79189463461123
E10000024,Nottinghamshire,64.4409717007591,14.93296438524155,2.414381315,670.086889155623,,15.240453823495967,,66.43030456036689,58.6773964945978,37.5,563.1195068,16.357171078625,1.5,22.3,9.70641,68.1432225063939,16.5,0.5810039945560048,62.0,65.2,28.3,13.738180548779669,4.322136672816932,0.3,354,40.8,47.0,226.75930175545415,7.80676672635011,3.9967718381307407,0.9763498508354392,21.3,5.613312757841406,589.0516690000002,3.1613453503500164,7.1048881449478625,7.77,7.95,7.58,2.97,9.766431074011225,0.7276767406790164,8.92,196.7358356,498.210473,9.2748,46.4,335.22,0.002338193,8.8,6.8756578385913,5.869039715058122,6.0,0.9101075134712804,0.9101075134712804,0.4956206815177826,8.833428793,62.04352663260178,81.07229715437164,0.6456500287009217,4.232159538605256,1.909358782366482,26.321296311486,39.0,75.64972741122247,92.58514832209521
E10000025,Oxfordshire,56.0366575992348,12.388301868695748,1.94853488,465.207167043943,40.8988396414925,10.736183628253748,59.78532258,70.11418020379021,63.4371371467161,37.5,668.59021,11.125413755057002,2.0,35.0,10.25198,72.5253807106599,20.8,0.3700625029972665,61.0,67.6,13.6,9.353956515113328,2.528960471481909,0.1,227,48.6,47.0,179.387065605383,9.214173562979664,2.8693157116772503,0.7465191745128443,16.3,3.2895697782499003,596.7227738,3.107965535431686,4.974761435866568,7.87,8.04,7.58,3.12,10.326317886070909,0.8480265997410361,13.98,178.75811519999996,435.4301931,10.0942,51.6,257.1,0.001929104,8.5,9.309862160510123,13.041363100855165,11.39,1.2311499991208072,1.2311499991208072,0.5064522363739735,56.26835315425149,69.3023119845731,83.10495425265661,0.7880527849658983,3.5498292224158234,1.4362634610568494,24.663298119289998,26.0,71.15126196782545,92.93835182155563
E10000027,Somerset,62.8801177904065,16.5331437939545,2.1964612569999997,668.01560516458,54.9874531391456,14.177451706157296,120.9845328,68.3445706768175,64.3179561389862,37.6,429.0177612,15.061921231730402,3.5,20.4,11.36801,71.0402684563758,20.2,0.4952890114059177,59.0,62.9,25.5,11.761432829906607,3.937718099046281,0.1,284,44.0,43.0,193.78218229631028,10.865763146982632,3.09823218516494,0.9774017151408866,20.4,4.658036491162815,546.5208884,3.6713730056397487,6.858216396790727,7.89,8.16,7.66,2.73,11.697009548985875,0.8423906249441918,15.42,284.8011726000001,783.5144429,8.1386,48.3,218.71,0.001325042,10.7,5.2927843781912385,10.26666306432875,8.35,1.4427673520114557,1.4427673520114557,0.6227199992795324,13.96356235,65.16012428065815,82.29162204270571,0.8502409621297491,4.40830853963004,2.1782860734988962,26.3244848214465,51.0,72.60907187733976,91.23221570504023
E10000028,Staffordshire,64.9550780439164,15.974136203420999,2.170522485,734.100870472975,29.8152049647253,13.502333074957654,73.79709083,64.9245778063628,55.932212371747596,37.6,499.68103030000003,18.5524675515143,1.7,22.9,9.97381,74.4567488508149,21.2,0.4753731133005852,63.0,61.3,28.8,12.56215600149284,3.411324778227544,0.2,318,46.1,59.0,221.70284236212783,9.707162995718106,5.48851693265862,0.8708106897405369,20.9,4.272175890826384,592.5451578999998,3.2610310153367363,7.290841815799704,7.89,7.98,7.59,2.53,10.453577885344377,0.7221586957290549,12.45,185.1575179,424.6981969,8.4049,41.7,220.0,0.002362663,10.6,8.08426845058265,4.823012660408233,6.53,0.9305481468722188,0.9305481468722188,0.5627595670771969,55.442827204088076,63.85233726638532,81.30831028048118,0.7110765124855702,4.124591825908594,1.9132843720897328,29.235234893685497,39.0,72.27154856019325,92.72248844673516
E10000029,Suffolk,61.52400744660051,15.48700221452326,2.415666095,548.120748491209,32.8577718487754,13.8228239129803,82.71047297,67.17430277186271,61.3699484235635,38.0,487.900238,16.2910441461974,4.0,22.1,10.051,71.0878207444886,21.1,0.4965316090401932,57.0,62.4,25.9,12.915784342477588,3.6626123876783736,0.2,335,50.8,55.0,193.01649387432656,8.907068057497511,2.6733429517100897,0.9438087228039312,19.1,5.0497600017842545,547.8841792000002,3.390586861524137,6.623157067033615,7.78,7.99,7.67,2.74,10.480585872843164,0.8819512496238398,12.36,198.9803319,450.76594410000007,9.934,48.1,364.39,0.001135707,10.7,6.979332566734103,8.454671073663963,8.66,1.7077541883647869,1.7077541883647869,0.6688628071093216,11.995593,64.16050677826831,82.51769562655718,0.8106547835372584,4.368282162671008,1.945591143964588,26.622166740877,37.0,72.83085823502624,91.18566033941912
E10000030,Surrey,55.852141806686106,13.1090649598771,1.975308642,492.249529100131,32.7254221128512,10.946037739987734,72.10574079999998,70.26297604724171,61.720695580548494,37.5,577.1126709,9.885588117222,1.4,32.0,9.27153,77.2879663314074,19.9,0.4343259020707694,67.0,72.6,13.8,7.362996099790688,2.596561353422406,0.1,197,49.2,34.0,171.94800665811195,7.9533779478317275,2.50972518509223,0.8358191467028594,14.5,3.790423074977365,530.6282953,3.0287052451882626,5.413890912346528,7.73,7.95,7.57,3.0,8.874570384648342,0.7294702735777975,14.34,169.5404571,467.5791569,10.6549,48.4,386.83,0.005445354,7.7,5.201978036092736,5.23065060013279,12.91,0.8767197999529242,0.8767197999529242,0.4975172548195805,51.2333789749781,68.5036528501562,83.18013601378867,0.6595862791679505,3.3192321399801785,1.4793966349166054,22.048236631093502,27.0,70.559766090315,86.53345724874889
E10000031,Warwickshire,58.562487242772896,15.356467402913845,2.380516389,610.028171043235,49.64557757782461,12.648744159188896,78.23831384,65.9208754522364,56.51027018901471,37.5,610.9290771000002,17.4633381842606,1.9,26.9,9.06649,72.64193792581379,18.9,0.3982288846870622,62.0,68.9,20.6,10.482676127688368,3.5250636776828763,0.1,353,46.5,62.0,211.89026590525046,11.316849997384628,4.1650469261953695,0.8046154674428581,17.8,5.888029846041577,615.3455199,3.0031104388132746,6.4371499927547955,7.82,7.87,7.69,2.55,9.52443666244222,0.7445254713851785,14.5,157.67309719999997,477.050244,9.302,43.9,221.37,0.003128806,10.1,2.37755389952034,8.856423209496917,7.68,1.2640293714419322,1.2640293714419322,0.5556516910454476,13.22866222,65.112029502517,81.77132502718922,0.8039182694843543,3.850969862956602,1.6875563343713038,27.136446795886002,36.0,72.19242180123436,90.2432034414475
E10000032,West Sussex,60.1160468918466,15.310660871443224,2.119827367,542.2974344379641,32.1824551335863,12.789907937204426,88.68325791,68.3251594834666,59.9616087198988,37.5,632.8300171,13.652658073373498,1.9,25.4,10.24715,70.61103743751909,18.6,0.5031450785594731,55.0,65.4,19.5,11.03919397245038,2.820731316719716,0.1,243,41.2,39.0,193.49039576325768,9.17632288492845,2.7273760369711,1.0094397350755,18.3,4.509617843920206,568.7178778,3.4454133146158417,6.878258710585119,7.77,7.93,7.65,2.92,10.237556482034067,0.8728830336734877,16.61,222.1803671,535.9421501,10.2,49.3,392.96,0.0024312070000000003,8.2,5.328336718341139,11.262939181301643,12.22,0.8605410434409217,0.8605410434409217,0.4791254210403436,52.3996513181745,64.67022583366281,82.39736799190007,0.6934619038796273,4.051482101398412,1.906934470780915,24.640376767328497,34.0,72.37303228984442,92.20725125678499
E10000034,Worcestershire,62.023017878929004,16.262558249611672,2.341831917,628.657239750893,31.8768576884971,14.718049186736232,57.55535797,67.17498920585179,57.5040826890111,37.6,529.6330566,13.388483727005598,2.4,34.7,10.13968,69.7338746053225,13.1,0.4651262662550564,57.0,65.0,27.9,11.987757703485904,3.714655403912504,0.2,289,49.0,66.0,207.38485935720718,10.849607289306087,4.11385368023126,0.8163278911473923,14.5,5.6799309245044505,551.3396877,3.518976540156399,7.228313835188002,7.83,7.95,7.63,2.62,11.986168375651712,0.7659948933673775,15.27,155.6743562,344.1190467,8.3338,44.3,221.7,0.002565646,10.2,9.320280931306524,4.249026972823224,8.27,1.5555895269983175,1.5555895269983175,0.577865390825501,10.55146705,66.46130921019086,81.93015789384229,1.127448726199594,4.191555389630736,1.9506536623089183,28.712668650565,31.0,73.14665684375987,90.92353491931419
